ts,session,venue,order_id,client_id,sleeve,instrument,side,qty,order_type,time_in_force,limit_price,reference_price,notional,reason,status,reject_reason,fill_price,fee,off_hours_window
2026-12-10 00:00:00-05:00,overnight,alpaca,alpaca-1,20261210T000000-btc,btc,BTC-USD,sell,0.000342,limit,gtc,109303.56478,109522.61,37.38181915476,above band: 23.04% vs 17.00%-23.00%,filled,,109489.753217,0.093613739000535,2026-12-09 21:00:00+00:00
2026-12-10 00:30:00-05:00,overnight,alpaca,alpaca-2,20261210T003000-btc,btc,BTC-USD,sell,0.001009,limit,gtc,110010.16874,110230.63,111.00026025865998,above band: 23.11% vs 17.00%-23.00%,filled,,110197.560811,0.2779733471457475,2026-12-09 21:00:00+00:00
2026-12-10 01:00:00-05:00,overnight,alpaca,alpaca-3,20261210T010000-btc,btc,BTC-USD,sell,0.002488,limit,gtc,111827.11756,112051.22,278.22586848928,above band: 23.28% vs 17.00%-23.00%,filled,,112017.604634,0.6967495008234801,2026-12-09 21:00:00+00:00
2026-12-10 01:00:00-05:00,overnight,alpaca,alpaca-4,20261210T010000-us_large_cap,us_large_cap,VOO,buy,0.105344,limit,day,524.59,523.54,55.26240896,below band: 41.78% vs 42.00%-48.00%; off-hours cap 25% of $221 needed,filled,,524.0635399999999,0.0,2026-12-09 21:00:00+00:00
2026-12-10 01:30:00-05:00,overnight,alpaca,alpaca-5,20261210T013000-btc,btc,BTC-USD,sell,0.001621,limit,gtc,113085.21632,113311.84,183.31113565472,above band: 23.18% vs 17.00%-23.00%,filled,,113277.846448,0.45905847273052,2026-12-09 21:00:00+00:00
2026-12-10 01:30:00-05:00,overnight,alpaca,alpaca-6,20261210T013000-us_large_cap,us_large_cap,VOO,buy,0.060237,limit,day,524.08,523.03,31.569006960000003,below band: 41.66% vs 42.00%-48.00%; off-hours cap 25% of $347 needed,filled,,523.5530299999999,0.0,2026-12-09 21:00:00+00:00
2026-12-10 02:00:00-05:00,overnight,alpaca,alpaca-7,20261210T020000-btc,btc,BTC-USD,sell,0.001363,limit,gtc,114313.99384,114543.08,155.80997360392,above band: 23.15% vs 17.00%-23.00%,filled,,114508.717076,0.39018845343647,2026-12-09 21:00:00+00:00
2026-12-10 02:30:00-05:00,overnight,alpaca,alpaca-8,20261210T023000-btc,btc,BTC-USD,sell,0.000853,limit,gtc,115245.81646,115476.77,98.30468144038001,above band: 23.10% vs 17.00%-23.00%,filled,,115442.126969,0.2461803357613925,2026-12-09 21:00:00+00:00
2026-12-10 02:30:00-05:00,overnight,alpaca,alpaca-9,20261210T023000-us_large_cap,us_large_cap,VOO,buy,0.097818,limit,day,525.4,524.3499999999999,51.393577199999996,below band: 41.46% vs 42.00%-48.00%; off-hours cap 25% of $553 needed,filled,,524.8743499999999,0.0,2026-12-09 21:00:00+00:00
2026-12-10 03:00:00-05:00,overnight,alpaca,alpaca-10,20261210T030000-btc,btc,BTC-USD,sell,0.000893,limit,gtc,116029.68558,116262.21,103.61450922294,above band: 23.10% vs 17.00%-23.00%,filled,,116227.33133700001,0.2594775172098525,2026-12-09 21:00:00+00:00
2026-12-10 03:30:00-05:00,overnight,alpaca,alpaca-11,20261210T033000-btc,btc,BTC-USD,sell,0.001028,limit,gtc,116891.32884,117125.58,120.16428604752001,above band: 23.12% vs 17.00%-23.00%,filled,,117090.442326,0.30092243677782,2026-12-09 21:00:00+00:00
2026-12-10 03:30:00-05:00,overnight,alpaca,alpaca-12,20261210T033000-us_large_cap,us_large_cap,VOO,buy,0.101522,limit,day,524.6,523.55,53.2584412,below band: 41.25% vs 42.00%-48.00%; off-hours cap 25% of $766 needed,filled,,524.0735499999998,0.0,2026-12-09 21:00:00+00:00
2026-12-10 04:00:00-05:00,pre,alpaca,alpaca-13,20261210T040000-btc,btc,BTC-USD,sell,0.000363,limit,gtc,117179.30174,117414.13,42.53608653161999,above band: 23.04% vs 17.00%-23.00%,filled,,117378.905761,0.1065213569781075,2026-12-09 21:00:00+00:00
2026-12-10 06:00:00-05:00,pre,alpaca,alpaca-14,20261210T060000-btc,btc,BTC-USD,sell,0.000903,limit,gtc,118331.79214,118568.93,106.85360830242001,above band: 23.10% vs 17.00%-23.00%,filled,,118533.359321,0.2675890586671575,2026-12-09 21:00:00+00:00
2026-12-10 06:00:00-05:00,pre,alpaca,alpaca-15,20261210T060000-us_large_cap,us_large_cap,VOO,buy,0.068235,limit,day,525.33,524.28,35.84589255,below band: 41.12% vs 42.00%-48.00%; off-hours cap 25% of $909 needed,filled,,524.5421399999999,0.0,2026-12-09 21:00:00+00:00
2026-12-10 07:00:00-05:00,pre,alpaca,alpaca-16,20261210T070000-btc,btc,BTC-USD,sell,0.000548,limit,gtc,118522.40016,118759.92,64.95027528768,above band: 23.06% vs 17.00%-23.00%,filled,,118724.29202400001,0.16265228007288002,2026-12-09 21:00:00+00:00
2026-12-10 08:00:00-05:00,pre,alpaca,alpaca-17,20261210T080000-btc,btc,BTC-USD,sell,0.000596,limit,gtc,119243.64478,119482.61,71.06921228888,above band: 23.07% vs 17.00%-23.00%,filled,,119446.76521700001,0.17797568017333,2026-12-09 21:00:00+00:00
2026-12-10 08:30:00-05:00,pre,alpaca,alpaca-18,20261210T083000-btc,btc,BTC-USD,sell,0.000639,limit,gtc,119586.15838,119825.81,76.41555520482,above band: 23.07% vs 17.00%-23.00%,filled,,119789.862257,0.1913643049555575,2026-12-09 21:00:00+00:00
2026-12-10 08:30:00-05:00,pre,alpaca,alpaca-19,20261210T083000-us_large_cap,us_large_cap,VOO,buy,0.068262,limit,day,523.96,522.91,35.766557520000006,"below band: 40.98% vs 42.00%-48.00%; off-hours cap 25% of $1,052 needed",filled,,523.1714549999999,0.0,2026-12-09 21:00:00+00:00
2026-12-10 09:00:00-05:00,pre,alpaca,alpaca-20,20261210T090000-eth,eth,ETH-USD,sell,0.01595,limit,gtc,4228.83538,4237.31,67.449924311,above band: 12.07% vs 8.00%-12.00%,filled,,4236.038807000001,0.16891204742912502,2026-12-09 21:00:00+00:00
2026-12-10 09:00:00-05:00,pre,alpaca,alpaca-21,20261210T090000-btc,btc,BTC-USD,sell,0.000334,limit,gtc,120021.14666,120261.67,40.087062984439996,above band: 23.04% vs 17.00%-23.00%,filled,,120225.591499,0.10038836890166501,2026-12-09 21:00:00+00:00
2026-12-10 09:30:00-05:00,regular,alpaca,alpaca-22,20261210T093000-btc,btc,BTC-USD,sell,0.000523,limit,gtc,120622.4716,120864.2,63.085552646800004,above band: 23.06% vs 17.00%-23.00%,filled,,120827.94074,0.15798253251755,
2026-12-10 09:30:00-05:00,regular,alpaca,alpaca-23,20261210T093000-eth,eth,ETH-USD,sell,0.01075,limit,gtc,4254.41412,4262.94,45.734951790000004,above band: 12.04% vs 8.00%-12.00%,filled,,4261.661118,0.11453214254625,
2026-12-10 09:30:00-05:00,regular,alpaca,alpaca-24,20261210T093000-us_large_cap,us_large_cap,VOO,buy,2.17686,limit,day,524.71,523.66,1142.2202106000002,below band: 40.90% vs 42.00%-48.00%,filled,,523.712366,0.0,
2026-12-11 00:00:00-05:00,overnight,alpaca,alpaca-25,20261211T000000-btc,btc,BTC-USD,sell,0.000397,limit,gtc,120536.76336,120778.32,47.85309505392,above band: 23.05% vs 17.00%-23.00%,filled,,120742.086504,0.11983652085522001,2026-12-10 21:00:00+00:00
2026-12-11 01:30:00-05:00,overnight,alpaca,alpaca-26,20261211T013000-btc,btc,BTC-USD,sell,0.000438,limit,gtc,121260.4431,121503.45,53.1120740778,above band: 23.05% vs 17.00%-23.00%,filled,,121466.998965,0.133006363866675,2026-12-10 21:00:00+00:00
2026-12-13 16:00:00-05:00,weekend,alpaca,alpaca-27,20261213T160000-eth,eth,ETH-USD,sell,0.01644,limit,gtc,4246.69958,4255.21,69.81574109520001,above band: 12.07% vs 8.00%-12.00%,filled,,4251.805832,0.17474921969520002,2026-12-11 21:00:00+00:00
2026-12-13 16:30:00-05:00,weekend,alpaca,alpaca-28,20261213T163000-eth,eth,ETH-USD,sell,0.02537,limit,gtc,4293.43592,4302.04,108.9244692904,above band: 12.11% vs 8.00%-12.00%,filled,,4298.598368,0.2726386014904,2026-12-11 21:00:00+00:00
2026-12-13 18:00:00-05:00,weekend,alpaca,alpaca-29,20261213T180000-eth,eth,ETH-USD,sell,0.00699,limit,gtc,4309.863,4318.5,30.12594237,above band: 12.03% vs 8.00%-12.00%,filled,,4315.0452,0.07540541486999999,2026-12-11 21:00:00+00:00
2026-12-13 19:00:00-05:00,weekend,alpaca,alpaca-30,20261213T190000-eth,eth,ETH-USD,sell,0.01187,limit,gtc,4328.19626,4336.87,51.3756896062,above band: 12.05% vs 8.00%-12.00%,filled,,4333.400504,0.1285936599562,2026-12-11 21:00:00+00:00
2026-12-13 21:00:00-05:00,overnight,alpaca,alpaca-31,20261213T210000-eth,eth,ETH-USD,sell,0.0239,limit,gtc,4367.43762,4376.19,104.38175911799999,above band: 12.10% vs 8.00%-12.00%,filled,,4374.877143,0.26139890929425,2026-12-11 21:00:00+00:00
2026-12-14 22:00:00-05:00,overnight,alpaca,alpaca-32,20261214T220000-eth,eth,ETH-USD,sell,0.00627,limit,gtc,4378.4256,4387.2,27.452728512,above band: 12.03% vs 8.00%-12.00%,filled,,4385.8838399999995,0.068748729192,2026-12-14 21:00:00+00:00
2026-12-14 22:30:00-05:00,overnight,alpaca,alpaca-33,20261214T223000-eth,eth,ETH-USD,sell,0.01188,limit,gtc,4411.16998,4420.01,52.404699362399995,above band: 12.05% vs 8.00%-12.00%,filled,,4418.683997,0.1312349147109,2026-12-14 21:00:00+00:00
2026-12-14 22:30:00-05:00,overnight,alpaca,alpaca-34,20261214T223000-us_large_cap,us_large_cap,VOO,buy,0.050625,limit,day,523.62,522.57,26.5082625,below band: 41.90% vs 42.00%-48.00%; off-hours cap 25% of $106 needed,filled,,523.09257,0.0,2026-12-14 21:00:00+00:00
