ts,session,venue,order_id,client_id,sleeve,instrument,side,qty,order_type,time_in_force,limit_price,reference_price,notional,reason,status,reject_reason,fill_price,fee,filled_qty,off_hours_window
2026-11-15 06:00:00-05:00,weekend,alpaca,alpaca-1,20261115T060000-eth,eth,ETH-USD,buy,0.05713,limit,gtc,2770.53,2765.0,158.28037890000002,below band: 13.33% vs 13.50%-16.50%,filled,,2767.2119999999995,0.3952270538999999,0.05713,2026-11-13 21:00:00+00:00
2026-11-15 06:00:00-05:00,weekend,alpaca,alpaca-2,20261115T060000-btc,btc,BTC-USD,buy,0.009984,limit,gtc,79978.56786,79818.93,798.5060215142399,below band: 32.13% vs 33.00%-37.00%,filled,,79882.78514399998,1.9938743171942395,0.009984,2026-11-13 21:00:00+00:00
2026-11-25 06:30:00-05:00,pre,alpaca,alpaca-3,20261125T063000-btc,btc,BTC-USD,sell,0.000975,limit,gtc,98862.81812,99060.94,96.39124766699999,above band: 37.10% vs 33.00%-37.00%,filled,,99031.221718,0.24138860293762499,0.000975,2026-11-24 21:00:00+00:00
2026-11-25 07:00:00-05:00,pre,alpaca,alpaca-4,20261125T070000-btc,btc,BTC-USD,sell,0.000556,limit,gtc,99255.6409,99454.55,55.1861363404,above band: 37.05% vs 33.00%-37.00%,filled,,99424.71363500001,0.13820035195264999,0.000556,2026-11-24 21:00:00+00:00
2026-11-25 07:30:00-05:00,pre,alpaca,alpaca-5,20261125T073000-btc,btc,BTC-USD,sell,0.001502,limit,gtc,100035.4282,100235.9,150.2532131564,above band: 37.15% vs 33.00%-37.00%,filled,,100205.82923,0.37627288875865006,0.001502,2026-11-24 21:00:00+00:00
2026-11-25 14:30:00-05:00,regular,alpaca,alpaca-6,20261125T143000-eth,eth,ETH-USD,sell,0.00733,limit,gtc,3763.23844,3770.78,27.5845377652,above band: 16.53% vs 13.50%-16.50%,filled,,3769.6487660000003,0.06907881363695,0.00733,
2026-12-03 04:00:00-05:00,pre,alpaca,alpaca-7,20261203T040000-btc,btc,BTC-USD,sell,0.000526,limit,gtc,102538.32238,102743.81,53.93515757188,above band: 37.05% vs 33.00%-37.00%,filled,,102712.986857,0.135067577716955,0.000526,2026-12-02 21:00:00+00:00
2026-12-03 04:30:00-05:00,pre,alpaca,alpaca-8,20261203T043000-btc,btc,BTC-USD,sell,0.000909,limit,gtc,102881.7242,103087.9,93.5194872978,above band: 37.09% vs 33.00%-37.00%,filled,,103056.97363,0.23419697257417496,0.000909,2026-12-02 21:00:00+00:00
2026-12-03 08:30:00-05:00,pre,alpaca,alpaca-9,20261203T083000-btc,btc,BTC-USD,sell,0.000633,limit,gtc,102698.0922,102903.9,65.0078923626,above band: 37.06% vs 33.00%-37.00%,filled,,102873.02883000001,0.162796568123475,0.000633,2026-12-02 21:00:00+00:00
2026-12-04 14:30:00-05:00,regular,alpaca,alpaca-10,20261204T143000-btc,btc,BTC-USD,sell,0.000788,limit,gtc,100864.42688,101066.56,79.48116838144,above band: 37.08% vs 33.00%-37.00%,filled,,101036.240032,0.19904139286303998,0.000788,
2026-12-04 19:30:00-05:00,post,alpaca,alpaca-11,20261204T193000-btc,btc,BTC-USD,sell,0.001002,limit,gtc,101117.859,101320.5,101.32009471800001,above band: 37.10% vs 33.00%-37.00%,filled,,101290.10385,0.25373171014425,0.001002,2026-12-04 21:00:00+00:00
2026-12-04 20:00:00-05:00,weekend,alpaca,alpaca-12,20261204T200000-btc,btc,BTC-USD,sell,0.001168,limit,gtc,101892.22716,102096.41999999998,119.01012132288,above band: 37.12% vs 33.00%-37.00%,filled,,102014.742864,0.29788304916288,0.001168,2026-12-04 21:00:00+00:00
2026-12-04 22:30:00-05:00,weekend,alpaca,alpaca-13,20261204T223000-btc,btc,BTC-USD,sell,0.000391,limit,gtc,102163.1642,102367.9,39.945797202200005,above band: 37.04% vs 33.00%-37.00%,filled,,102286.00567999999,0.0999845705522,0.000391,2026-12-04 21:00:00+00:00
2026-12-05 01:00:00-05:00,weekend,alpaca,alpaca-14,20261205T010000-btc,btc,BTC-USD,sell,0.001798,limit,gtc,103242.26168,103449.16,185.62958650064,above band: 37.18% vs 33.00%-37.00%,filled,,103366.400672,0.46463197102064,0.001798,2026-12-04 21:00:00+00:00
2026-12-05 08:00:00-05:00,weekend,alpaca,alpaca-15,20261205T080000-btc,btc,BTC-USD,sell,0.000728,limit,gtc,103322.13162,103529.19,75.21851181936,above band: 37.07% vs 33.00%-37.00%,filled,,103446.366648,0.18827238729936,0.000728,2026-12-04 21:00:00+00:00
2026-12-05 08:30:00-05:00,weekend,alpaca,alpaca-16,20261205T083000-btc,btc,BTC-USD,sell,0.000287,limit,gtc,103518.70768,103726.16,29.70986910416,above band: 37.03% vs 33.00%-37.00%,filled,,103643.179072,0.07436398098416,0.000287,2026-12-04 21:00:00+00:00
2026-12-05 09:30:00-05:00,weekend,alpaca,alpaca-17,20261205T093000-btc,btc,BTC-USD,sell,0.000441,limit,gtc,103719.88452,103927.73999999999,45.74046907332,above band: 37.04% vs 33.00%-37.00%,filled,,103844.597808,0.11448866908332,0.000441,2026-12-04 21:00:00+00:00
2026-12-05 11:30:00-05:00,weekend,alpaca,alpaca-18,20261205T113000-btc,btc,BTC-USD,sell,0.00136,limit,gtc,104652.38578,104862.11,142.3272446608,above band: 37.14% vs 33.00%-37.00%,filled,,104778.220312,0.35624594906080004,0.00136,2026-12-04 21:00:00+00:00
2026-12-05 12:00:00-05:00,weekend,alpaca,alpaca-19,20261205T120000-btc,btc,BTC-USD,sell,0.001221,limit,gtc,105365.73622,105576.88999999998,128.65156392462,above band: 37.12% vs 33.00%-37.00%,filled,,105492.428488,0.32201563795962,0.001221,2026-12-04 21:00:00+00:00
2026-12-05 13:00:00-05:00,weekend,alpaca,alpaca-20,20261205T130000-btc,btc,BTC-USD,sell,0.000483,limit,gtc,105500.64586,105712.07,50.95681195038,above band: 37.05% vs 33.00%-37.00%,filled,,105627.500344,0.12754520666538,0.000483,2026-12-04 21:00:00+00:00
2026-12-05 13:30:00-05:00,weekend,alpaca,alpaca-21,20261205T133000-btc,btc,BTC-USD,sell,0.000326,limit,gtc,105643.84888,105855.56,34.43989473488,above band: 37.03% vs 33.00%-37.00%,filled,,105770.875552,0.08620326357488,0.000326,2026-12-04 21:00:00+00:00
2026-12-05 15:00:00-05:00,weekend,alpaca,alpaca-22,20261205T150000-btc,btc,BTC-USD,sell,0.001297,limit,gtc,106240.11396,106453.01999999999,137.79342780612,above band: 37.13% vs 33.00%-37.00%,filled,,106367.85758400001,0.34489777821612,0.001297,2026-12-04 21:00:00+00:00
2026-12-05 17:00:00-05:00,weekend,alpaca,alpaca-23,20261205T170000-btc,btc,BTC-USD,sell,0.000437,limit,gtc,106454.42448,106667.75999999998,46.52058349776,above band: 37.04% vs 33.00%-37.00%,filled,,106582.425792,0.11644130017776,0.000437,2026-12-04 21:00:00+00:00
2026-12-05 18:00:00-05:00,weekend,alpaca,alpaca-24,20261205T180000-btc,btc,BTC-USD,sell,0.000733,limit,gtc,107084.32216,107298.91999999998,78.49280814328,above band: 37.08% vs 33.00%-37.00%,filled,,107213.08086399999,0.19646797068327998,0.000733,2026-12-04 21:00:00+00:00
2026-12-06 01:00:00-05:00,weekend,alpaca,alpaca-25,20261206T010000-btc,btc,BTC-USD,sell,0.001254,limit,gtc,108268.16972,108485.13999999998,135.76828482887998,above band: 37.13% vs 33.00%-37.00%,filled,,108398.35188799999,0.3398288331688799,0.001254,2026-12-04 21:00:00+00:00
2026-12-06 01:30:00-05:00,weekend,alpaca,alpaca-26,20261206T013000-btc,btc,BTC-USD,sell,0.000649,limit,gtc,108668.40764,108886.18,70.52579655836,above band: 37.07% vs 33.00%-37.00%,filled,,108799.07105599997,0.17652649278835994,0.000649,2026-12-04 21:00:00+00:00
2026-12-06 21:00:00-05:00,overnight,alpaca,alpaca-27,20261206T210000-btc,btc,BTC-USD,sell,0.000864,limit,gtc,107454.86958,107670.21,92.84100731711999,above band: 37.09% vs 33.00%-37.00%,filled,,107637.908937,0.23249788330392002,0.000864,2026-12-04 21:00:00+00:00
2026-12-06 21:30:00-05:00,overnight,alpaca,alpaca-28,20261206T213000-btc,btc,BTC-USD,sell,0.000687,limit,gtc,107660.47754,107876.23,73.96274806998001,above band: 37.07% vs 33.00%-37.00%,filled,,107843.86713099999,0.1852218417974925,0.000687,2026-12-04 21:00:00+00:00
2026-12-07 10:30:00-05:00,regular,alpaca,alpaca-29,20261207T103000-btc,btc,BTC-USD,sell,0.000687,limit,gtc,107156.92666,107371.67,73.61680861542,above band: 37.07% vs 33.00%-37.00%,filled,,107339.45849900001,0.18435551997203253,0.000687,
2026-12-09 23:30:00-05:00,overnight,alpaca,alpaca-30,20261209T233000-btc,btc,BTC-USD,sell,0.001264,limit,gtc,107925.716,108142.0,136.418105024,above band: 37.13% vs 33.00%-37.00%,filled,,108109.5574,0.341626201384,0.001264,2026-12-09 21:00:00+00:00
2026-12-10 00:00:00-05:00,overnight,alpaca,alpaca-31,20261210T000000-btc,btc,BTC-USD,sell,0.0021,limit,gtc,109303.56478,109522.61,229.537486038,above band: 37.22% vs 33.00%-37.00%,filled,,109489.753217,0.57482120438925,0.0021,2026-12-09 21:00:00+00:00
2026-12-10 00:30:00-05:00,overnight,alpaca,alpaca-32,20261210T003000-btc,btc,BTC-USD,sell,0.001107,limit,gtc,110010.16874,110230.63,121.78125679517998,above band: 37.12% vs 33.00%-37.00%,filled,,110197.560811,0.3049717495444425,0.001107,2026-12-09 21:00:00+00:00
2026-12-10 01:00:00-05:00,overnight,alpaca,alpaca-33,20261210T010000-btc,btc,BTC-USD,sell,0.003011,limit,gtc,111827.11756,112051.22,336.71145097315997,above band: 37.32% vs 33.00%-37.00%,filled,,112017.604634,0.843212518882435,0.003011,2026-12-09 21:00:00+00:00
2026-12-10 01:30:00-05:00,overnight,alpaca,alpaca-34,20261210T013000-btc,btc,BTC-USD,sell,0.001925,limit,gtc,113085.21632,113311.84,217.689041416,above band: 37.21% vs 33.00%-37.00%,filled,,113277.846448,0.545149636031,0.001925,2026-12-09 21:00:00+00:00
2026-12-10 01:30:00-05:00,overnight,alpaca,alpaca-35,20261210T013000-eth,eth,ETH-USD,sell,0.00745,limit,gtc,3932.12,3940.0,29.294294,above band: 16.53% vs 13.50%-16.50%,filled,,3938.818,0.07336048525000001,0.00745,2026-12-09 21:00:00+00:00
2026-12-10 02:00:00-05:00,overnight,alpaca,alpaca-36,20261210T020000-btc,btc,BTC-USD,sell,0.001641,limit,gtc,114313.99384,114543.08,187.58926389144,above band: 37.18% vs 33.00%-37.00%,filled,,114508.717076,0.46977201180429007,0.001641,2026-12-09 21:00:00+00:00
2026-12-10 02:00:00-05:00,overnight,alpaca,alpaca-37,20261210T020000-eth,eth,ETH-USD,sell,0.02228,limit,gtc,3975.95216,3983.92,88.5842141248,above band: 16.58% vs 13.50%-16.50%,filled,,3982.7248240000004,0.22183777269680005,0.02228,2026-12-09 21:00:00+00:00
2026-12-10 02:30:00-05:00,overnight,alpaca,alpaca-38,20261210T023000-btc,btc,BTC-USD,sell,0.001017,limit,gtc,115245.81646,115476.77,117.20499533981999,above band: 37.11% vs 33.00%-37.00%,filled,,115442.126969,0.2935116078186825,0.001017,2026-12-09 21:00:00+00:00
2026-12-10 02:30:00-05:00,overnight,alpaca,alpaca-39,20261210T023000-eth,eth,ETH-USD,sell,0.01908,limit,gtc,4013.8562,4021.9,76.584376296,above band: 16.57% vs 13.50%-16.50%,filled,,4020.6934300000007,0.19178707661100003,0.01908,2026-12-09 21:00:00+00:00
2026-12-10 03:00:00-05:00,overnight,alpaca,alpaca-40,20261210T030000-btc,btc,BTC-USD,sell,0.001112,limit,gtc,116029.68558,116262.21,129.02501036496,above band: 37.12% vs 33.00%-37.00%,filled,,116227.33133700003,0.32311198111686007,0.001112,2026-12-09 21:00:00+00:00
2026-12-10 03:00:00-05:00,overnight,alpaca,alpaca-41,20261210T030000-eth,eth,ETH-USD,sell,0.00975,limit,gtc,4037.02976,4045.12,39.36104016,above band: 16.54% vs 13.50%-16.50%,filled,,4043.9064640000006,0.09857022006000002,0.00975,2026-12-09 21:00:00+00:00
2026-12-10 03:30:00-05:00,overnight,alpaca,alpaca-42,20261210T033000-eth,eth,ETH-USD,sell,0.03623,limit,gtc,4087.9078,4096.1,148.104899594,above band: 16.64% vs 13.50%-16.50%,filled,,4094.8711700000003,0.37089295622275004,0.03623,2026-12-09 21:00:00+00:00
2026-12-10 03:30:00-05:00,overnight,alpaca,alpaca-43,20261210T033000-btc,btc,BTC-USD,sell,0.001076,limit,gtc,116891.32884,117125.58,125.77506983183999,above band: 37.12% vs 33.00%-37.00%,filled,,117090.442326,0.31497328985693995,0.001076,2026-12-09 21:00:00+00:00
2026-12-10 03:30:00-05:00,overnight,alpaca,alpaca-44,20261210T033000-us_large_cap,us_large_cap,VOO,buy,0.065666,limit,day,524.6,523.55,34.4483836,below band: 25.87% vs 26.00%-34.00%; off-hours cap 25% of $138 needed,filled,,524.0735499999998,0.0,0.065666,2026-12-09 21:00:00+00:00
2026-12-10 04:00:00-05:00,pre,alpaca,alpaca-45,20261210T040000-btc,btc,BTC-USD,sell,0.000425,limit,gtc,117179.30174,117414.13,49.8012032395,above band: 37.05% vs 33.00%-37.00%,filled,,117378.905761,0.1247150873710625,0.000425,2026-12-09 21:00:00+00:00
2026-12-10 04:00:00-05:00,pre,alpaca,alpaca-46,20261210T040000-eth,eth,ETH-USD,sell,0.00697,limit,gtc,4099.4347,4107.65,28.573059858999997,above band: 16.53% vs 13.50%-16.50%,filled,,4106.417705,0.071554328509625,0.00697,2026-12-09 21:00:00+00:00
2026-12-10 05:30:00-05:00,pre,alpaca,alpaca-47,20261210T053000-eth,eth,ETH-USD,sell,0.03544,limit,gtc,4148.2369,4156.55,147.013515736,above band: 16.64% vs 13.50%-16.50%,filled,,4155.303035,0.368159848901,0.03544,2026-12-09 21:00:00+00:00
2026-12-10 06:00:00-05:00,pre,alpaca,alpaca-48,20261210T060000-btc,btc,BTC-USD,sell,0.000934,limit,gtc,118331.79214,118568.93,110.52189385876001,above band: 37.10% vs 33.00%-37.00%,filled,,118533.359321,0.276775394014535,0.000934,2026-12-09 21:00:00+00:00
2026-12-10 06:00:00-05:00,pre,alpaca,alpaca-49,20261210T060000-eth,eth,ETH-USD,sell,0.00746,limit,gtc,4169.47434,4177.83,31.104278576399995,above band: 16.53% vs 13.50%-16.50%,filled,,4176.576651,0.07789315454115,0.00746,2026-12-09 21:00:00+00:00
2026-12-10 06:00:00-05:00,pre,alpaca,alpaca-50,20261210T060000-us_large_cap,us_large_cap,VOO,buy,0.076412,limit,day,525.33,524.28,40.14151596,below band: 25.73% vs 26.00%-34.00%; off-hours cap 25% of $298 needed,filled,,524.5421399999999,0.0,0.076412,2026-12-09 21:00:00+00:00
2026-12-10 06:30:00-05:00,pre,alpaca,alpaca-51,20261210T063000-btc,btc,BTC-USD,sell,0.000228,limit,gtc,118405.10522,118642.39,26.996363990160003,above band: 37.02% vs 33.00%-37.00%,filled,,118606.797283,0.06760587445131001,0.000228,2026-12-09 21:00:00+00:00
2026-12-10 07:00:00-05:00,pre,alpaca,alpaca-52,20261210T070000-btc,btc,BTC-USD,sell,0.000609,limit,gtc,118522.40016,118759.92,72.18014169743999,above band: 37.07% vs 33.00%-37.00%,filled,,118724.292024,0.18075773460654,0.000609,2026-12-09 21:00:00+00:00
2026-12-10 08:00:00-05:00,pre,alpaca,alpaca-53,20261210T080000-btc,btc,BTC-USD,sell,0.000662,limit,gtc,119243.64478,119482.61,78.93929284436001,above band: 37.07% vs 33.00%-37.00%,filled,,119446.765217,0.19768439643413502,0.000662,2026-12-09 21:00:00+00:00
2026-12-10 08:30:00-05:00,pre,alpaca,alpaca-54,20261210T083000-btc,btc,BTC-USD,sell,0.000708,limit,gtc,119586.15838,119825.81,84.66700013303999,above band: 37.08% vs 33.00%-37.00%,filled,,119789.862257,0.21202805619488999,0.000708,2026-12-09 21:00:00+00:00
2026-12-10 08:30:00-05:00,pre,alpaca,alpaca-55,20261210T083000-eth,eth,ETH-USD,sell,0.01539,limit,gtc,4201.40036,4209.82,64.65955154039999,above band: 16.56% vs 13.50%-16.50%,filled,,4208.557054,0.16192423265265,0.01539,2026-12-09 21:00:00+00:00
2026-12-10 08:30:00-05:00,pre,alpaca,alpaca-56,20261210T083000-us_large_cap,us_large_cap,VOO,buy,0.07109,limit,day,523.96,522.91,37.2483164,below band: 25.59% vs 26.00%-34.00%; off-hours cap 25% of $447 needed,filled,,523.1714549999999,0.0,0.07109,2026-12-09 21:00:00+00:00
2026-12-10 09:00:00-05:00,pre,alpaca,alpaca-57,20261210T090000-eth,eth,ETH-USD,sell,0.0167,limit,gtc,4228.83538,4237.31,70.621550846,above band: 16.56% vs 13.50%-16.50%,filled,,4236.038807000001,0.17685462019225004,0.0167,2026-12-09 21:00:00+00:00
2026-12-10 09:00:00-05:00,pre,alpaca,alpaca-58,20261210T090000-btc,btc,BTC-USD,sell,0.000342,limit,gtc,120021.14666,120261.67,41.04723215772,above band: 37.04% vs 33.00%-37.00%,filled,,120225.591499,0.10279288073164501,0.000342,2026-12-09 21:00:00+00:00
2026-12-10 09:30:00-05:00,regular,alpaca,alpaca-59,20261210T093000-btc,btc,BTC-USD,sell,0.000628,limit,gtc,120622.4716,120864.2,75.7509121648,above band: 37.07% vs 33.00%-37.00%,filled,,120827.94074,0.18969986696180002,0.000628,
2026-12-10 09:30:00-05:00,regular,alpaca,alpaca-60,20261210T093000-eth,eth,ETH-USD,sell,0.01236,limit,gtc,4254.41412,4262.94,52.5845585232,above band: 16.55% vs 13.50%-16.50%,filled,,4261.661118,0.1316853285462,0.01236,
2026-12-10 09:30:00-05:00,regular,alpaca,alpaca-61,20261210T093000-us_large_cap,us_large_cap,VOO,buy,1.019027,limit,day,524.71,523.66,534.6936571699999,below band: 25.52% vs 26.00%-34.00%,filled,,523.712366,0.0,1.019027,
2026-12-11 00:00:00-05:00,overnight,alpaca,alpaca-62,20261211T000000-btc,btc,BTC-USD,sell,0.00101,limit,gtc,120536.76336,120778.32,121.7421309936,above band: 37.11% vs 33.00%-37.00%,filled,,120742.086504,0.3048737684226,0.00101,2026-12-10 21:00:00+00:00
2026-12-11 01:30:00-05:00,overnight,alpaca,alpaca-63,20261211T013000-btc,btc,BTC-USD,sell,0.000528,limit,gtc,121260.4431,121503.45,64.02551395680001,above band: 37.06% vs 33.00%-37.00%,filled,,121466.99896500002,0.16033643863380004,0.000528,2026-12-10 21:00:00+00:00
2026-12-13 13:30:00-05:00,weekend,alpaca,alpaca-64,20261213T133000-eth,eth,ETH-USD,sell,0.01508,limit,gtc,4194.56406,4202.97,63.25402602479999,above band: 16.56% vs 13.50%-16.50%,filled,,4199.607624,0.1583252074248,0.01508,2026-12-11 21:00:00+00:00
2026-12-13 14:30:00-05:00,weekend,alpaca,alpaca-65,20261213T143000-eth,eth,ETH-USD,sell,0.00765,limit,gtc,4205.95124,4214.38,32.175526986,above band: 16.53% vs 13.50%-16.50%,filled,,4211.008496,0.08053553748600001,0.00765,2026-12-11 21:00:00+00:00
2026-12-13 16:00:00-05:00,weekend,alpaca,alpaca-66,20261213T160000-eth,eth,ETH-USD,sell,0.02436,limit,gtc,4246.69958,4255.21,103.44960176880001,above band: 16.60% vs 13.50%-16.50%,filled,,4251.805832,0.2589349751688,0.02436,2026-12-11 21:00:00+00:00
2026-12-13 16:30:00-05:00,weekend,alpaca,alpaca-67,20261213T163000-eth,eth,ETH-USD,sell,0.03276,limit,gtc,4293.43592,4302.04,140.65296073919998,above band: 16.63% vs 13.50%-16.50%,filled,,4298.598368,0.35205520633919996,0.03276,2026-12-11 21:00:00+00:00
2026-12-13 18:00:00-05:00,weekend,alpaca,alpaca-68,20261213T180000-eth,eth,ETH-USD,sell,0.00711,limit,gtc,4309.863,4318.5,30.643125930000004,above band: 16.53% vs 13.50%-16.50%,filled,,4315.0452,0.07669992843,0.00711,2026-12-11 21:00:00+00:00
2026-12-13 19:00:00-05:00,weekend,alpaca,alpaca-69,20261213T190000-eth,eth,ETH-USD,sell,0.01759,limit,gtc,4328.19626,4336.87,76.1329722134,above band: 16.57% vs 13.50%-16.50%,filled,,4333.400504,0.1905612871634,0.01759,2026-12-11 21:00:00+00:00
2026-12-13 21:00:00-05:00,overnight,alpaca,alpaca-70,20261213T210000-eth,eth,ETH-USD,sell,0.0279,limit,gtc,4367.43762,4376.19,121.85150959799999,above band: 16.61% vs 13.50%-16.50%,filled,,4374.877143,0.30514768072425,0.0279,2026-12-11 21:00:00+00:00
2026-12-14 00:00:00-05:00,overnight,alpaca,alpaca-71,20261214T000000-us_large_cap,us_large_cap,VOO,buy,0.064166,limit,day,522.41,521.3699999999999,33.52096006,"cash flow: cash 13.18% above 13.00%, deploying; off-hours cap 25% of $134 needed",filled,,521.8913699999999,0.0,0.064166,2026-12-11 21:00:00+00:00
2026-12-14 09:30:00-05:00,regular,alpaca,alpaca-72,20261214T093000-intl_equity,intl_equity,VXUS,buy,0.527927,limit,day,62.0,61.88,32.731474000000006,"cash flow: cash 13.09% above 13.00%, deploying",filled,,61.886188000000004,0.0,0.527927,
2026-12-14 09:30:00-05:00,regular,alpaca,alpaca-73,20261214T093000-us_large_cap,us_large_cap,VOO,buy,0.132463,limit,day,527.49,526.44,69.87290787,"cash flow: cash 13.09% above 13.00%, deploying",filled,,526.492644,0.0,0.132463,
2026-12-14 13:00:00-05:00,regular,alpaca,alpaca-74,20261214T130000-us_large_cap,us_large_cap,VOO,buy,0.059201,limit,day,526.61,525.56,31.17583861,"cash flow: cash 13.04% above 13.00%, deploying",filled,,525.6125559999999,0.0,0.059201,
2026-12-14 13:30:00-05:00,regular,alpaca,alpaca-75,20261214T133000-us_large_cap,us_large_cap,VOO,buy,0.052865,limit,day,525.86,524.81,27.799588900000003,"cash flow: cash 13.04% above 13.00%, deploying",filled,,524.8624809999999,0.0,0.052865,
2026-12-14 22:00:00-05:00,overnight,alpaca,alpaca-76,20261214T220000-eth,eth,ETH-USD,sell,0.00716,limit,gtc,4378.4256,4387.2,31.349527295999994,above band: 16.53% vs 13.50%-16.50%,filled,,4385.8838399999995,0.07850732073599999,0.00716,2026-12-14 21:00:00+00:00
2026-12-14 22:30:00-05:00,overnight,alpaca,alpaca-77,20261214T223000-eth,eth,ETH-USD,sell,0.01493,limit,gtc,4411.16998,4420.01,65.85876780139999,above band: 16.56% vs 13.50%-16.50%,filled,,4418.683997,0.16492738018802502,0.01493,2026-12-14 21:00:00+00:00
2026-12-15 10:00:00-05:00,regular,alpaca,alpaca-78,20261215T100000-us_large_cap,us_large_cap,VOO,buy,0.055325,limit,day,524.22,523.17,29.002471500000002,"cash flow: cash 13.04% above 13.00%, deploying",filled,,523.222317,0.0,0.055325,
2026-12-15 11:00:00-05:00,regular,alpaca,alpaca-79,20261215T110000-intl_equity,intl_equity,VXUS,buy,0.545708,limit,day,61.84,61.72,33.74658272,"cash flow: cash 13.10% above 13.00%, deploying",filled,,61.726172,0.0,0.545708,
2026-12-15 11:00:00-05:00,regular,alpaca,alpaca-80,20261215T110000-us_large_cap,us_large_cap,VOO,buy,0.137932,limit,day,523.64,522.59,72.22671248,"cash flow: cash 13.10% above 13.00%, deploying",filled,,522.6422590000001,0.0,0.137932,
2026-12-15 19:30:00-05:00,post,alpaca,alpaca-81,20261215T193000-us_large_cap,us_large_cap,VOO,buy,0.048565,limit,day,524.62,523.57,25.4781703,"cash flow: cash 13.14% above 13.00%, deploying; off-hours cap 25% of $102 needed",filled,,523.831785,0.0,0.048565,2026-12-15 21:00:00+00:00
2026-12-16 05:30:00-05:00,pre,alpaca,alpaca-82,20261216T053000-intl_equity,intl_equity,VXUS,buy,0.425903,limit,day,61.24,61.12,26.082299719999998,"cash flow: cash 13.28% above 13.00%, deploying; off-hours cap 25% of $104 needed",filled,,61.15055999999999,0.0,0.425903,2026-12-15 21:00:00+00:00
2026-12-16 09:30:00-05:00,regular,alpaca,alpaca-83,20261216T093000-intl_equity,intl_equity,VXUS,buy,1.432972,limit,day,61.3,61.18,87.8411836,"cash flow: cash 13.24% above 13.00%, deploying",filled,,61.18611800000001,0.0,1.432972,
2026-12-16 09:30:00-05:00,regular,alpaca,alpaca-84,20261216T093000-us_large_cap,us_large_cap,VOO,buy,0.327648,limit,day,522.65,521.61,171.2452272,"cash flow: cash 13.24% above 13.00%, deploying",filled,,521.662161,0.0,0.327648,
2026-12-16 12:30:00-05:00,regular,alpaca,alpaca-85,20261216T123000-us_large_cap,us_large_cap,VOO,buy,0.071633,limit,day,522.37,521.33,37.41893021,"cash flow: cash 13.05% above 13.00%, deploying",filled,,521.3821330000001,0.0,0.071633,
2026-12-16 13:00:00-05:00,regular,alpaca,alpaca-86,20261216T130000-us_large_cap,us_large_cap,VOO,buy,0.064783,limit,day,522.91,521.87,33.875678529999995,"cash flow: cash 13.05% above 13.00%, deploying",filled,,521.922187,0.0,0.064783,
2026-12-16 14:00:00-05:00,regular,alpaca,alpaca-87,20261216T140000-us_large_cap,us_large_cap,VOO,buy,0.050477,limit,day,523.61,522.56,26.43026197,"cash flow: cash 13.04% above 13.00%, deploying",filled,,522.6122559999999,0.0,0.050477,
2026-12-16 17:00:00-05:00,post,alpaca,alpaca-88,20261216T170000-us_large_cap,us_large_cap,VOO,buy,0.049759,limit,day,523.39,522.35,26.043363009999997,"cash flow: cash 13.18% above 13.00%, deploying; off-hours cap 25% of $104 needed",filled,,522.611175,0.0,0.049759,2026-12-16 21:00:00+00:00
2026-12-16 17:30:00-05:00,post,alpaca,alpaca-89,20261216T173000-btc,btc,BTC-USD,buy,0.000275,limit,gtc,106520.20518,106307.59,29.2930564245,"cash flow: cash 13.20% above 13.00%, deploying",filled,,106339.48227699999,0.0731083940654375,0.000275,2026-12-16 21:00:00+00:00
2026-12-16 18:00:00-05:00,post,alpaca,alpaca-90,20261216T180000-btc,btc,BTC-USD,buy,0.000394,limit,gtc,105621.65166,105410.83,41.614930754039996,"cash flow: cash 13.23% above 13.00%, deploying",filled,,105442.453249,0.10386081645026499,0.000394,2026-12-16 21:00:00+00:00
2026-12-16 18:30:00-05:00,post,alpaca,alpaca-91,20261216T183000-btc,btc,BTC-USD,buy,0.000299,limit,gtc,105658.4952,105447.6,31.5918900648,"cash flow: cash 13.19% above 13.00%, deploying",filled,,105479.23428,0.0788457276243,0.000299,2026-12-16 21:00:00+00:00
2026-12-16 19:30:00-05:00,post,alpaca,alpaca-92,20261216T193000-btc,btc,BTC-USD,buy,0.000244,limit,gtc,105643.43514,105432.57,25.77699817416,"cash flow: cash 13.16% above 13.00%, deploying",filled,,105464.199771,0.06433316186031,0.000244,2026-12-16 21:00:00+00:00
2026-12-16 20:00:00-05:00,pause,alpaca,alpaca-93,20261216T200000-btc,btc,BTC-USD,buy,0.001293,limit,gtc,105742.02192,105530.96,136.72443434256002,"cash flow: cash 13.13% above 13.00%, deploying",filled,,105562.619288,0.34123116684846005,0.001293,2026-12-16 21:00:00+00:00
2026-12-17 01:30:00-05:00,overnight,alpaca,alpaca-94,20261217T013000-btc,btc,BTC-USD,buy,0.000265,limit,gtc,103866.35808,103659.04,27.5245848912,"cash flow: cash 13.15% above 13.00%, deploying",filled,,103690.137712,0.0686947162342,0.000265,2026-12-16 21:00:00+00:00
