product_group,country,shipment_count,historical_shipped_quantity,quantity_variability,average_lead_time_days,p90_lead_time_days,lead_time_variability_days,severe_delay_rate,historical_safety_stock_scenario_units,risk_aware_replenishment_trigger
ARV,Benin,5,134245,38666.24546034952,46.0,46.0,,0.4,,Elevated historical variability
ARV,Togo,3,13282,3629.7340582105094,55.0,55.0,,0.3333333333333333,,Elevated historical variability
ARV,Burundi,35,173316,10904.51370863684,,,,0.2571428571428571,,Elevated historical variability
ARV,"Congo, DRC",84,468182,13495.827255269438,148.29166666666666,195.7,44.31358528239066,0.25,14036.50015162411,Elevated historical variability
ARV,South Sudan,24,170533,11869.983744097754,113.0,127.2,17.349351572897472,0.16666666666666666,3199.0846632597927,Elevated historical variability
ARV,Mozambique,326,18934670,103295.01114560121,149.925,206.60000000000002,51.18863430539324,0.1656441717791411,610126.9231841306,Elevated historical variability
ARV,South Africa,581,22995781,65373.365402137926,130.39700374531836,264.0,98.16159892341166,0.153184165232358,1026111.7331421823,Elevated historical variability
HRDT,Nigeria,205,1007557,5095.346142881947,90.34782608695652,133.0,40.54935191348276,0.13170731707317074,28895.96888680491,Watch historical variability
ARV,Guatemala,8,55467,13052.956993258545,167.66666666666666,356.0,168.2648705662197,0.125,3240.4631174956426,Watch historical variability
ARV,Ghana,45,1296566,30501.99540603033,119.03125,171.0,51.72725267549823,0.1111111111111111,41998.13575017262,Watch historical variability
ARV,Zimbabwe,294,17230464,97508.73696928029,145.37878787878788,281.0,105.41066434905039,0.10204081632653061,796736.8892740596,Watch historical variability
ARV,Zambia,437,28235716,91538.07063262697,111.17142857142858,247.2,79.23067057436701,0.09610983981693363,1131934.1132892792,Watch historical variability
ARV,Cameroon,44,1769510,57950.50989064396,73.88888888888889,132.5,34.05187452593702,0.09090909090909091,46504.953150609894,Watch historical variability
ARV,Tanzania,313,11991770,50715.93686066917,108.9381443298969,165.8,53.84406777000247,0.08945686900958466,396303.49191148183,Watch historical variability
ARV,Dominican Republic,23,173275,14146.59751715065,46.09090909090909,97.0,74.16394615371345,0.08695652173913043,6720.599265592421,Watch historical variability
ARV,Côte d'Ivoire,608,11539045,33273.95945121247,131.41964285714286,227.0,89.94499203771208,0.07730263157894737,492871.87732104963,Watch historical variability
ARV,Uganda,545,11814417,41998.79862985776,87.47333333333333,150.29999999999998,48.24458055131899,0.06972477064220184,369583.21640774625,Standard historical variability
ARV,Guyana,93,131730,1682.8038747237938,82.8,142.80000000000004,45.162668949771636,0.06451612903225806,3987.0361109314786,Standard historical variability
HRDT,Kenya,100,558761,5383.609518940265,76.61538461538461,113.3,37.30681173456401,0.06,15370.777337026757,Standard historical variability
ARV,Ethiopia,107,2342725,34388.89528654188,87.65,223.4000000000001,87.83613631134548,0.056074766355140186,98885.72494574284,Standard historical variability
ARV,Rwanda,303,8611792,46153.939993105414,129.88343558282207,273.20000000000005,95.53981734980981,0.052805280528052806,379106.65895297687,Standard historical variability
ARV,Nigeria,706,32944280,78166.65283605139,117.7948717948718,233.00000000000017,88.68874594456713,0.05099150141643059,1397300.9526327895,Standard historical variability
ARV,Haiti,344,5129748,25955.677117469837,119.13846153846154,197.0,62.401562130958084,0.04941860465116279,182502.76112200852,Standard historical variability
ARV,Namibia,24,586694,19364.809057123195,70.57142857142857,98.0,22.13842564659669,0.041666666666666664,12432.563642633315,Standard historical variability
HRDT,Rwanda,74,243558,4097.512312812104,90.45762711864407,227.0,70.4031058371272,0.04054054054054054,9203.944391338053,Standard historical variability
HRDT,Mozambique,78,317464,3365.0523003883586,101.93150684931507,167.39999999999998,49.959797383919735,0.038461538461538464,10106.027969764815,Standard historical variability
HRDT,Guyana,67,53562,930.540967197439,59.721311475409834,107.0,34.049048517073615,0.029850746268656716,1407.6184576981811,Standard historical variability
HRDT,Zimbabwe,42,177250,3475.516910559712,136.08823529411765,261.09999999999997,93.9104562697437,0.023809523809523808,7736.0433878085405,Standard historical variability
HRDT,Zambia,103,391823,2479.81284442692,113.86206896551724,184.40000000000003,70.22226712603894,0.019417475728155338,14787.781551081098,Standard historical variability
HRDT,Botswana,65,13135,571.5914818429195,130.96610169491527,320.6,110.03384527932756,0.015384615384615385,620.5387405593843,Standard historical variability
HRDT,Haiti,98,79926,1375.860083392263,97.42105263157895,197.5,99.48564561890588,0.01020408163265306,3590.409362296431,Standard historical variability
HRDT,Tanzania,121,491224,4132.840108296449,107.91,182.50000000000006,65.98195269017188,0.008264462809917356,17970.817629124715,Standard historical variability
HRDT,Côte d'Ivoire,148,239375,1503.4204346301362,122.04201680672269,247.20000000000002,85.80806281087837,0.006756756756756757,9986.619835874164,Standard historical variability
ARV,Vietnam,480,7104544,18006.83811908419,125.84221748400853,175.2,45.28377579915143,0.004166666666666667,215319.4202118289,Standard historical variability
HRDT,Ethiopia,73,217188,4498.248407073042,81.87323943661971,190.0,54.73022919673884,0.0,7236.442859845103,Standard historical variability
HRDT,Namibia,60,26964,912.7080807563644,64.09803921568627,113.0,37.00067831916641,0.0,738.6944551454218,Standard historical variability
HRDT,South Sudan,48,19650,293.81660403814936,117.75,172.9,42.01392879469805,0.0,573.633993825175,Standard historical variability
HRDT,Sudan,44,5565,277.9831422558489,105.81395348837209,158.00000000000003,40.656666889567006,0.0,159.811023192222,Standard historical variability
HRDT,Uganda,39,99700,2097.6338890577676,89.66666666666667,152.0,56.66723425928329,0.0,3380.156779512856,Standard historical variability
HRDT,Burundi,26,29896,826.6520279928038,100.1923076923077,161.0,62.47368676860314,0.0,1064.234492115741,Standard historical variability
HRDT,"Congo, DRC",23,45607,2403.518971558227,165.14285714285714,247.0,74.80660780591893,0.0,1776.548891700144,Standard historical variability
HRDT,Cameroon,19,20895,1842.7564450543848,78.55555555555556,151.10000000000014,81.34618991925242,0.0,848.7634341645504,Standard historical variability
ARV,Swaziland,15,512198,23970.11040819279,110.5,162.5,53.71840156470282,0.0,16907.332621474387,Standard historical variability
HRDT,Mali,15,1941,166.36697817947956,92.13333333333334,179.8,52.92564415785422,0.0,63.596657300812055,Standard historical variability
HRDT,Dominican Republic,12,14864,1014.7722837557143,90.66666666666667,198.30000000000004,78.40029375331486,0.0,592.7481665061977,Standard historical variability
HRDT,Swaziland,12,3356,321.18992776388507,119.75,250.6,88.78382838005005,0.0,142.41789546207718,Standard historical variability
ACT,Nigeria,11,14286,1132.3059737464155,99.0909090909091,200.0,58.75790082270561,0.0,493.1959020412768,Standard historical variability
HRDT,Malawi,10,1640,139.32615611498719,86.0,202.0,62.191460649978126,0.0,58.24852121590178,Standard historical variability
HRDT,Pakistan,9,18106,2060.9402452386735,292.6,540.4,221.34091352481585,0.0,1213.1906169594,Standard historical variability
ANTM,"Congo, DRC",6,4757,357.6928384335737,138.83333333333334,180.5,46.72222882811421,0.0,146.44367034470346,Standard historical variability
HRDT,Liberia,6,1455,289.27063452759944,53.0,68.5,16.516658257650064,0.0,26.63175350631371,Standard historical variability
ANTM,Nigeria,5,1827,488.07356002963326,59.0,85.2,26.04803255526221,0.0,41.995396695280895,Standard historical variability
MRDT,Guyana,5,812,127.30593073380359,76.6,126.8,49.21686702747343,0.0,25.655984776032934,Standard historical variability
ARV,Libya,4,27251,4647.146750067903,,,,0.0,,Standard historical variability
ARV,Malawi,4,500000,110569.55578578882,249.5,266.0,19.05255888325765,0.0,9829.29429440073,Standard historical variability
HRDT,Angola,4,2600,784.2193570679061,169.0,180.2,19.79898987322333,0.0,52.10393728243289,Standard historical variability
HRDT,Lesotho,4,4618,1334.8449348145275,52.25,107.10000000000002,57.81796145374434,0.0,158.1470131043899,Standard historical variability
HRDT,Sierra Leone,4,6400,1675.3109164172083,22.333333333333332,28.2,7.0945988845975885,0.0,76.77495575028908,Standard historical variability
ANTM,Haiti,3,14140,5658.023801057515,72.5,115.3,75.66042558696059,0.0,553.9358551567376,Standard historical variability
ARV,Angola,3,1320,69.2820323027551,86.0,106.8,36.76955262170047,0.0,36.04904647521159,Standard historical variability
ARV,Botswana,3,106397,3772.4483208300317,116.66666666666667,117.6,1.1547005383792526,0.0,514.9199809023886,Standard historical variability
ARV,Kenya,3,11870,169.21386861996075,,,,0.0,,Standard historical variability
ARV,Lebanon,3,936,112.6232658024087,,,,0.0,,Standard historical variability
HRDT,Benin,3,3104,695.1297241043094,29.0,31.8,3.4641016151377544,0.0,26.019125853328124,Standard historical variability
MRDT,Haiti,3,2166,1244.4786056819137,34.666666666666664,44.0,11.239810200058244,0.0,32.704959734867174,Standard historical variability
ACT,Côte d'Ivoire,2,120000,49497.474683058324,142.0,142.0,0.0,0.0,0.0,Standard historical variability
ANTM,Afghanistan,2,115,44.54772721475249,170.0,183.6,24.041630560342615,0.0,2.5395424553570694,Standard historical variability
ANTM,Côte d'Ivoire,2,152,90.50966799187809,52.5,68.9,28.991378028648448,0.0,3.685986116328738,Standard historical variability
ARV,Burkina Faso,2,165,81.31727983645297,91.0,99.8,15.556349186104045,0.0,2.9309841061021342,Standard historical variability
ARV,Senegal,2,200,0.0,46.0,46.0,,0.0,,Standard historical variability
HRDT,Kazakhstan,2,100,0.0,40.5,51.3,19.091883092036785,0.0,1.9678865654009372,Standard historical variability
HRDT,Kyrgyzstan,2,1000,0.0,136.5,175.3,68.58935777509511,0.0,37.29958895740617,Standard historical variability
ANTM,Ethiopia,1,32,,64.0,64.0,,0.0,,Standard historical variability
ARV,Belize,1,300,,,,,0.0,,Standard historical variability
HRDT,Guinea,1,50,,60.0,60.0,,0.0,,Standard historical variability
HRDT,Senegal,1,80,,47.0,47.0,,0.0,,Standard historical variability
