date,probability,realised_return,signal,position,turnover,cost,strategy_return,strategy_equity,buy_hold_equity
2025-08-12 00:00:00+00:00,0.5351678691052336,0.012140515376580119,0.0,0.0,0.0,0.0,0.0,1.0,1.0121405153765801
2025-08-13 00:00:00+00:00,0.5643330356386168,0.026388279596092357,1.0,0.0,0.0,0.0,0.0,1.0,1.0388491622868703
2025-08-14 00:00:00+00:00,0.6015087944798109,-0.040411222672351976,1.0,1.0,1.0,0.0015,-0.04191122267235198,0.9580887773276481,0.9968679974667093
2025-08-15 00:00:00+00:00,0.5199061785529864,-0.008121240187970669,0.0,1.0,0.0,0.0,-0.008121240187970669,0.9503079082455711,0.9887721930235808
2025-08-16 00:00:00+00:00,0.49732323945513285,0.0007921746665282559,0.0,0.0,1.0,0.0015,-0.0015,0.9488824463832027,0.9895554733058617
2025-08-17 00:00:00+00:00,0.49003615711961673,-0.00032588834829794244,0.0,0.0,0.0,0.0,-0.0,0.9488824463832027,0.9892329887071168
2025-08-18 00:00:00+00:00,0.5720165229122718,-0.01022323279139703,1.0,0.0,0.0,0.0,-0.0,0.9488824463832027,0.9791198295786345
2025-08-19 00:00:00+00:00,0.5626316774102338,-0.029428514056440758,1.0,1.0,1.0,0.0015,-0.03092851405644076,0.9195349223023299,0.9503057879109398
2025-08-20 00:00:00+00:00,0.4818425488592277,0.012794003430595335,0.0,1.0,0.0,0.0,0.012794003430595335,0.9312994552528181,0.962464003421587
2025-08-21 00:00:00+00:00,0.5825293178932085,-0.01623902974513114,1.0,0.0,1.0,0.0015,-0.0015,0.929902506069939,0.9468345218414058
2025-08-22 00:00:00+00:00,0.5071459849877749,0.03962900798880531,0.0,1.0,1.0,0.0015,0.03812900798880531,0.9653587661526897,0.9843566346715356
2025-08-23 00:00:00+00:00,0.5309067772414015,-0.012832252765613172,0.0,0.0,1.0,0.0015,-0.0015,0.9639107280034607,0.9717251215239221
2025-08-24 00:00:00+00:00,0.5203098529936191,-0.016605933647771742,0.0,0.0,0.0,0.0,-0.0,0.9639107280034607,0.9555887186320229
2025-08-25 00:00:00+00:00,0.5121326100459637,-0.029385900493979156,0.0,0.0,0.0,0.0,-0.0,0.9639107280034607,0.9275078836331332
2025-08-26 00:00:00+00:00,0.43827962160023315,0.015240086898922645,0.0,0.0,0.0,0.0,0.0,0.9639107280034607,0.941643184379138
2025-08-27 00:00:00+00:00,0.44303581374949375,-0.005193022862549412,0.0,0.0,0.0,0.0,-0.0,0.9639107280034607,0.9367532097942932
2025-08-28 00:00:00+00:00,0.4835540200037017,0.01189280397942638,0.0,0.0,0.0,0.0,0.0,0.9639107280034607,0.9478938320954752
2025-08-29 00:00:00+00:00,0.5312300350664922,-0.036731759955323295,0.0,0.0,0.0,0.0,-0.0,0.9639107280034607,0.9130760233918127
2025-08-30 00:00:00+00:00,0.48159499501646647,0.003664157476186425,0.0,0.0,0.0,0.0,0.0,0.9639107280034607,0.9164216777292504
2025-08-31 00:00:00+00:00,0.5055460863979229,-0.00525107534173741,0.0,0.0,0.0,0.0,-0.0,0.9639107280034607,0.9116094784546928
2025-09-01 00:00:00+00:00,0.49112333399859665,0.009367272930950854,0.0,0.0,0.0,0.0,0.0,0.9639107280034607,0.9201487732458197
2025-09-02 00:00:00+00:00,0.45409371484058575,0.017848801737061493,0.0,0.0,0.0,0.0,0.0,0.9639107280034607,0.9365723262680846
2025-09-03 00:00:00+00:00,0.4782296955623819,0.004699840343410866,0.0,0.0,0.0,0.0,0.0,0.9639107280034607,0.9409740666716016
2025-09-04 00:00:00+00:00,0.49270187978899366,-0.008947195185422974,0.0,0.0,0.0,0.0,-0.0,0.9639107280034607,0.9325549880326696
2025-09-05 00:00:00+00:00,0.5098907903160812,-0.0006558419928113235,0.0,0.0,0.0,0.0,-0.0,0.9639107280034607,0.9319433793109121
2025-09-06 00:00:00+00:00,0.46958367227527764,-0.0038525555367432407,0.0,0.0,0.0,0.0,-0.0,0.9639107280034607,0.9283530156850166
2025-09-07 00:00:00+00:00,0.49242363201306616,0.008554542812086785,0.0,0.0,0.0,0.0,0.0,0.9639107280034607,0.936294651302424
2025-09-08 00:00:00+00:00,0.5094667677494643,0.008130177859939192,0.0,0.0,0.0,0.0,0.0,0.9639107280034607,0.9439068933468224
2025-09-09 00:00:00+00:00,0.5010279743209805,-0.004826232823193166,0.0,0.0,0.0,0.0,-0.0,0.9639107280034607,0.9393513789161138
2025-09-10 00:00:00+00:00,0.5206662637783083,0.02174124101370767,0.0,0.0,0.0,0.0,0.0,0.9639107280034607,0.9597740436416876
2025-09-11 00:00:00+00:00,0.5227979270508489,0.013620945043858246,0.0,0.0,0.0,0.0,0.0,0.9639107280034607,0.9728470731446527
2025-09-12 00:00:00+00:00,0.5288155511901531,0.005142859655061782,0.0,0.0,0.0,0.0,0.0,0.9639107280034607,0.9778502891076732
2025-09-13 00:00:00+00:00,0.5070264001432897,-0.0013011908618274504,0.0,0.0,0.0,0.0,-0.0,0.9639107280034607,0.976577919247251
2025-09-14 00:00:00+00:00,0.4983874420605238,-0.004681752350561785,0.0,0.0,0.0,0.0,-0.0,0.9639107280034607,0.9720058232783084
2025-09-15 00:00:00+00:00,0.5014170258966412,0.0003224981011604733,0.0,0.0,0.0,0.0,0.0,0.9639107280034607,0.9723192933106326
2025-09-16 00:00:00+00:00,0.49565237765966547,0.012112382641498831,0.0,0.0,0.0,0.0,0.0,0.9639107280034607,0.9840963966409227
2025-09-17 00:00:00+00:00,0.5022912443868328,-0.0032066883445814875,0.0,0.0,0.0,0.0,-0.0,0.9639107280034607,0.9809407061958697
2025-09-18 00:00:00+00:00,0.5056892568997428,0.005741425944741474,0.0,0.0,0.0,0.0,0.0,0.9639107280034607,0.9865727046166757
2025-09-19 00:00:00+00:00,0.5441438005620568,-0.012364506846338497,0.0,0.0,0.0,0.0,-0.0,0.9639107280034607,0.9743742196560321
2025-09-20 00:00:00+00:00,0.516069634647659,0.0002861257573012477,0.0,0.0,0.0,0.0,0.0,0.9639107280034607,0.974653013217526
2025-09-21 00:00:00+00:00,0.5212890336880301,-0.003593675600818802,0.0,0.0,0.0,0.0,-0.0,0.9639107280034607,0.9711504264646617
2025-09-22 00:00:00+00:00,0.5667859348781186,-0.02218083931492132,1.0,0.0,0.0,0.0,-0.0,0.9639107280034607,0.9496094949046316
2025-09-23 00:00:00+00:00,0.48384328457686204,-0.00651013327573835,0.0,1.0,1.0,0.0015,-0.00801013327573835,0.956189674606239,0.9434274105328959
2025-09-24 00:00:00+00:00,0.5073793351601534,0.011731809832655538,0.0,0.0,1.0,0.0015,-0.0015,0.9547553900943297,0.9544955215041825
2025-09-25 00:00:00+00:00,0.5568846502752909,-0.03776048156409062,1.0,0.0,0.0,0.0,-0.0,0.9547553900943297,0.9184533109614167
2025-09-26 00:00:00+00:00,0.47517524259687516,0.0060847628462732395,0.0,1.0,1.0,0.0015,0.00458476284627324,0.9591327171341133,0.9240418815439914
2025-09-27 00:00:00+00:00,0.4764745333338454,-0.0002814877077529365,0.0,0.0,1.0,0.0015,-0.0015,0.9576940180584121,0.9237817751128878
2025-09-28 00:00:00+00:00,0.49665431555128403,0.02225248016477188,0.0,0.0,0.0,0.0,0.0,0.9576940180584121,0.9443382107401651
2025-09-29 00:00:00+00:00,0.527414883888166,0.02031473906432546,0.0,0.0,0.0,0.0,0.0,0.9576940180584121,0.9635221950798235
2025-09-30 00:00:00+00:00,0.48658004102037566,-0.003009577997342028,0.0,0.0,0.0,0.0,-0.0,0.9576940180584121,0.9606223998815606
2025-10-01 00:00:00+00:00,0.4558840740264094,0.04026829179914837,0.0,0.0,0.0,0.0,0.0,0.9576940180584121,0.9993050229887895
2025-10-02 00:00:00+00:00,0.5038500473934329,0.017128920845327356,0.0,0.0,0.0,0.0,0.0,0.9576940180584121,1.0164220396279025
2025-10-03 00:00:00+00:00,0.4689679878353751,0.013136036748664148,0.0,0.0,0.0,0.0,0.0,0.9576940180584121,1.0297737968926068
2025-10-04 00:00:00+00:00,0.4802824013995535,0.001299606980548873,0.0,0.0,0.0,0.0,0.0,0.9576940180584121,1.0311120981074349
2025-10-05 00:00:00+00:00,0.47547888986584447,0.008887425412982486,0.0,0.0,0.0,0.0,0.0,0.9576940180584121,1.0402760299717886
2025-10-06 00:00:00+00:00,0.4704995349350227,0.010031736794915869,0.0,0.0,0.0,0.0,0.0,0.9576940180584121,1.0507118052985256
2025-10-07 00:00:00+00:00,0.5557615582221681,-0.026461574802715715,1.0,0.0,0.0,0.0,-0.0,0.9576940180584121,1.0229083162665222
2025-10-08 00:00:00+00:00,0.45484933153916407,0.01567280940669602,0.0,1.0,1.0,0.0015,0.01417280940669602,0.9712672328462869,1.0389401633478919
2025-10-09 00:00:00+00:00,0.5630542850556483,-0.013370216251727518,1.0,0.0,1.0,0.0015,-0.0015,0.9698103319970175,1.0250493086913255
2025-10-10 00:00:00+00:00,0.7246048347159776,-0.06976852117831744,1.0,1.0,1.0,0.0015,-0.07126852117831745,0.9006933838121369,0.953533134289075
2025-10-11 00:00:00+00:00,0.5175241743426174,-0.02125599811033263,0.0,1.0,0.0,0.0,-0.02125599811033263,0.8815482469478371,0.933264835788487
2025-10-12 00:00:00+00:00,0.4696861617018923,0.03936437283871608,0.0,0.0,1.0,0.0015,-0.0015,0.8802259245774153,0.970002220741728
2025-10-13 00:00:00+00:00,0.5015213748292627,0.000879679657679322,0.0,0.0,0.0,0.0,0.0,0.8802259245774153,0.9708555119632183
2025-10-14 00:00:00+00:00,0.604480781596617,-0.01867262888064536,1.0,0.0,0.0,0.0,-0.0,0.8802259245774153,0.9527270872916002
2025-10-15 00:00:00+00:00,0.5125726191059644,-0.02064646024028005,0.0,1.0,1.0,0.0015,-0.022146460240280053,0.8607320361362978,0.9330566453639964
2025-10-16 00:00:00+00:00,0.5174137798665506,-0.023443318504017374,0.0,0.0,1.0,0.0015,-0.0015,0.8594409380820934,0.9111827012444382
2025-10-17 00:00:00+00:00,0.5312007606757556,-0.01588236351834038,0.0,0.0,0.0,0.0,-0.0,0.8594409380820934,0.8967109663516507
2025-10-18 00:00:00+00:00,0.4003545380826986,0.006861009972426446,0.0,0.0,0.0,0.0,0.0,0.8594409380820934,0.9028633092341736
2025-10-19 00:00:00+00:00,0.40875921871236226,0.013698405510000455,0.0,0.0,0.0,0.0,0.0,0.8594409380820934,0.9152310969641643
2025-10-20 00:00:00+00:00,0.47790471999703343,0.01768912239467313,0.0,0.0,0.0,0.0,0.0,0.8594409380820934,0.9314207318577743
2025-10-21 00:00:00+00:00,0.5589559476817151,-0.019098105646452646,1.0,0.0,0.0,0.0,-0.0,0.8594409380820934,0.9136323603194583
2025-10-22 00:00:00+00:00,0.4551470059284353,-0.007267028792566799,0.0,1.0,1.0,0.0015,-0.008767028792566798,0.8519061946324171,0.906992967651196
2025-10-23 00:00:00+00:00,0.4279384976705653,0.022111355667553845,0.0,0.0,1.0,0.0015,-0.0015,0.8506283353404686,0.9270478117469018
2025-10-24 00:00:00+00:00,0.4241642469429524,0.008759859251149305,0.0,0.0,0.0,0.0,0.0,0.8506283353404686,0.9351686200968906
2025-10-25 00:00:00+00:00,0.4104281311270032,0.005474045023684315,0.0,0.0,0.0,0.0,0.0,0.8506283353404686,0.9402877752280377
2025-10-26 00:00:00+00:00,0.4408841508458999,0.025355383127430242,0.0,0.0,0.0,0.0,0.0,0.8506283353404686,0.9641291320189836
2025-10-27 00:00:00+00:00,0.45849069419616756,-0.0030847352525406047,0.0,0.0,0.0,0.0,-0.0,0.8506283353404686,0.9611550488974433
2025-10-28 00:00:00+00:00,0.5083878161387219,-0.01019252462848308,0.0,0.0,0.0,0.0,-0.0,0.8506283353404686,0.9513584523897652
2025-10-29 00:00:00+00:00,0.5158343935205004,-0.025681284408657135,0.0,0.0,0.0,0.0,-0.0,0.8506283353404686,0.9269263453993638
2025-10-30 00:00:00+00:00,0.4766229513499017,-0.015898895718551742,0.0,0.0,0.0,0.0,-0.0,0.8506283353404686,0.9121892400950811
2025-10-31 00:00:00+00:00,0.4534779466434153,0.011547120379193476,0.0,0.0,0.0,0.0,0.0,0.8506283353404686,0.922722399059064
2025-11-01 00:00:00+00:00,0.47500705148125505,0.004635536182247879,0.0,0.0,0.0,0.0,0.0,0.8506283353404686,0.9269997121260728
2025-11-02 00:00:00+00:00,0.4994505375042878,0.005229768982454308,0.0,0.0,0.0,0.0,0.0,0.8506283353404686,0.9318477064672938
2025-11-03 00:00:00+00:00,0.6087706047206047,-0.03698585893164408,1.0,0.0,0.0,0.0,-0.0,0.8506283353404686,0.8973825186501183
2025-11-04 00:00:00+00:00,0.5680795700686209,-0.046523840630681046,1.0,1.0,1.0,0.0015,-0.04802384063068105,0.8097778957281364,0.855632837367681
2025-11-05 00:00:00+00:00,0.45270292562173664,0.02265282648549194,0.0,1.0,0.0,0.0,0.02265282648549194,0.8281216538918527,0.8750153395678603
2025-11-06 00:00:00+00:00,0.4858060570557238,-0.02493503798083263,0.0,0.0,1.0,0.0015,-0.0015,0.8268794714110149,0.8531967988419245
2025-11-07 00:00:00+00:00,0.43190581894687285,0.020445121741957006,0.0,0.0,0.0,0.0,0.0,0.8268794714110149,0.8706405112640956
2025-11-08 00:00:00+00:00,0.47351219243910914,-0.010547196317199026,0.0,0.0,0.0,0.0,-0.0,0.8268794714110149,0.8614576948700866
2025-11-09 00:00:00+00:00,0.43703424325575474,0.02383137448193029,0.0,0.0,0.0,0.0,0.0,0.8268794714110149,0.8819874157968761
2025-11-10 00:00:00+00:00,0.4888915969119313,0.012194017448672767,0.0,0.0,0.0,0.0,0.0,0.8268794714110149,0.8927423857346131
2025-11-11 00:00:00+00:00,0.5304727254759924,-0.028294541304540788,0.0,0.0,0.0,0.0,-0.0,0.8268794714110149,0.8674826494271308
2025-11-12 00:00:00+00:00,0.4358513646264922,-0.012954505253314763,0.0,0.0,0.0,0.0,-0.0,0.8268794714110149,0.8562448408879676
2025-11-13 00:00:00+00:00,0.5119848986844038,-0.01933536967351135,0.0,0.0,0.0,0.0,-0.0,0.8268794714110149,0.8396890303583618
2025-11-14 00:00:00+00:00,0.5073095833316019,-0.053157837862490065,0.0,0.0,0.0,0.0,-0.0,0.8268794714110149,0.7950529770276605
2025-11-15 00:00:00+00:00,0.4490371734393149,0.012196889211437911,0.0,0.0,0.0,0.0,0.0,0.8268794714110149,0.8047501501056908
2025-11-16 00:00:00+00:00,0.5320812219113189,-0.01435983820826503,0.0,0.0,0.0,0.0,-0.0,0.8268794714110149,0.7931940681520961
2025-11-17 00:00:00+00:00,0.5755208967435046,-0.02212006537551514,1.0,0.0,0.0,0.0,-0.0,0.8268794714110149,0.7756485635091009
2025-11-18 00:00:00+00:00,0.5683240165667388,0.009284005043766586,1.0,1.0,1.0,0.0015,0.007784005043766586,0.8333159053870652,0.7828496886849098
2025-11-19 00:00:00+00:00,0.5569419620611389,-0.015953746750565823,1.0,1.0,0.0,0.0,-0.015953746750565823,0.8200213944693016,0.7703603030078714
2025-11-20 00:00:00+00:00,0.6466358245773626,-0.05285126891851111,1.0,1.0,0.0,0.0,-0.05285126891851111,0.776682223231272,0.7296457834694566
2025-11-21 00:00:00+00:00,0.5799346489561842,-0.017790340109098413,1.0,1.0,0.0,0.0,-0.017790340109098413,0.762864782323297,0.7166651368223654
2025-11-22 00:00:00+00:00,0.45065359382558307,-0.0051983141515926645,0.0,1.0,0.0,0.0,-0.0051983141515926645,0.7588991715295942,0.7129396862996686
2025-11-23 00:00:00+00:00,0.4878462850625871,0.025477734635657168,0.0,0.0,1.0,0.0015,-0.0015,0.7577608227722998,0.7311037744384402
2025-11-24 00:00:00+00:00,0.5134254518856357,0.01688329653360121,0.0,0.0,0.0,0.0,0.0,0.7577608227722998,0.7434472162591195
2025-11-25 00:00:00+00:00,0.48841432757030223,-0.010520742688141405,0.0,0.0,0.0,0.0,-0.0,0.7577608227722998,0.7356255993946422
2025-11-26 00:00:00+00:00,0.4513283615658414,0.03636830551491177,0.0,0.0,0.0,0.0,0.0,0.7577608227722998,0.7623790559380167
2025-11-27 00:00:00+00:00,0.4486646859046905,0.008473504729832548,0.0,0.0,0.0,0.0,0.0,0.7577608227722998,0.7688390784744328
2025-11-28 00:00:00+00:00,0.42665676192002444,-0.004010602738938163,0.0,0.0,0.0,0.0,-0.0,0.7577608227722998,0.7657555703605006
2025-11-29 00:00:00+00:00,0.39393317527608884,-0.0007425028351905061,0.0,0.0,0.0,0.0,-0.0,0.7577608227722998,0.765186994678445
2025-11-30 00:00:00+00:00,0.3980599594852015,-0.005035073877646679,0.0,0.0,0.0,0.0,-0.0,0.7577608227722998,0.7613342216300246
2025-12-01 00:00:00+00:00,0.5768835880482363,-0.045055292472078956,1.0,0.0,0.0,0.0,-0.0,0.7577608227722998,0.7270320856054813
2025-12-02 00:00:00+00:00,0.4276637324635039,0.05825464938016567,0.0,1.0,1.0,0.0015,0.05675464938016567,0.8007672725827675,0.7693850848405591
2025-12-03 00:00:00+00:00,0.5136376482883683,0.023837949867722363,0.0,0.0,1.0,0.0015,-0.0015,0.7995661216738934,0.7877256479219616
2025-12-04 00:00:00+00:00,0.6159032115276935,-0.014821043775501641,1.0,0.0,0.0,0.0,-0.0,0.7995661216738934,0.7760507316110249
2025-12-05 00:00:00+00:00,0.6601280244802622,-0.029887330373216225,1.0,1.0,1.0,0.0015,-0.03138733037321623,0.7744698756576838,0.75285664700899
2025-12-06 00:00:00+00:00,0.5316469676767901,-0.0012908122468182626,0.0,1.0,0.0,0.0,-0.0012908122468182626,0.773470180457393,0.7518848504289323
2025-12-07 00:00:00+00:00,0.5573793667613918,0.012694471554050235,1.0,0.0,1.0,0.0015,-0.0015,0.772309975186707,0.7614296312746237
2025-12-08 00:00:00+00:00,0.5888646670391332,0.0025945560296725123,1.0,1.0,1.0,0.0015,0.0010945560296725123,0.7731553117268237,0.7634052031156185
2025-12-09 00:00:00+00:00,0.5222121131374862,0.022633530616329445,0.0,1.0,0.0,0.0,0.022633530616329445,0.7906545461459705,0.7806837581530011
2025-12-10 00:00:00+00:00,0.5907417572366748,-0.007236522211271801,1.0,0.0,1.0,0.0015,-0.0015,0.7894685643267516,0.7750343227971477
2025-12-11 00:00:00+00:00,0.6114856835095585,0.005329119618741718,1.0,1.0,1.0,0.0015,0.0038291196187417178,0.792491533894795,0.7791645734119642
2025-12-12 00:00:00+00:00,0.6169903994378363,-0.024223213861206738,1.0,1.0,0.0,0.0,-0.024223213861206738,0.7732948419860656,0.7602907033171303
2025-12-13 00:00:00+00:00,0.4920060747099011,0.00031346787642294593,0.0,1.0,0.0,0.0,0.00031346787642294593,0.7735372450780318,0.7605290300293632
2025-12-14 00:00:00+00:00,0.5499195175401747,-0.023516739363752315,0.0,0.0,1.0,0.0015,-0.0015,0.7723769392104148,0.7426438670515954
2025-12-15 00:00:00+00:00,0.4980401149311628,-0.019908078936967,0.0,0.0,0.0,0.0,-0.0,0.7723769392104148,0.7278592543242778
2025-12-16 00:00:00+00:00,0.4370500835244855,0.01648005936140917,0.0,0.0,0.0,0.0,0.0,0.7723769392104148,0.7398544180422929
2025-12-17 00:00:00+00:00,0.5520618025479015,-0.01935507109105894,1.0,0.0,0.0,0.0,-0.0,0.7723769392104148,0.7255344831840503
2025-12-18 00:00:00+00:00,0.5282978737464868,-0.007908292107279613,0.0,1.0,1.0,0.0015,-0.009408292107279613,0.7651101913493967,0.7197967445571267
2025-12-19 00:00:00+00:00,0.5048640657052332,0.03090097713717843,0.0,0.0,1.0,0.0015,-0.0015,0.7639625260623727,0.7420391673041019
2025-12-20 00:00:00+00:00,0.43881446316323247,0.002731077738661547,0.0,0.0,0.0,0.0,0.0,0.7639625260623727,0.7440657339551411
2025-12-21 00:00:00+00:00,0.4977563989627117,0.0031439599746445612,0.0,0.0,0.0,0.0,0.0,0.7639625260623727,0.7464050468412006
2025-12-22 00:00:00+00:00,0.5043726848802178,-0.0014864790528285043,0.0,0.0,0.0,0.0,-0.0,0.7639625260623727,0.7452955313741456
2025-12-23 00:00:00+00:00,0.43601521410870503,-0.01215974047919599,0.0,0.0,0.0,0.0,-0.0,0.7639625260623727,0.7362329311323316
2025-12-24 00:00:00+00:00,0.4578591270838005,0.0022646365284737513,0.0,0.0,0.0,0.0,0.0,0.7639625260623727,0.7379002311216392
2025-12-25 00:00:00+00:00,0.4715817273275743,-0.004305562231041726,0.0,0.0,0.0,0.0,-0.0,0.7639625260623727,0.7347231557562449
2025-12-26 00:00:00+00:00,0.4859610331833353,0.0007644603322913834,0.0,0.0,0.0,0.0,0.0,0.7639625260623727,0.7352848224640365
2025-12-27 00:00:00+00:00,0.490580969373119,0.005735605525503784,0.0,0.0,0.0,0.0,0.0,0.7639625260623727,0.7395021261545803
2025-12-28 00:00:00+00:00,0.5148683704164779,0.00038358610925337544,0.0,0.0,0.0,0.0,0.0,0.7639625260623727,0.7397857888979366
2025-12-29 00:00:00+00:00,0.589881721355593,-0.007943173820266769,1.0,0.0,0.0,0.0,-0.0,0.7639625260623727,0.7339095417869571
2025-12-30 00:00:00+00:00,0.49765520605004093,0.014826942349620564,0.0,1.0,1.0,0.0015,0.013326942349620565,0.7741438106044763,0.7447911762528687
2025-12-31 00:00:00+00:00,0.5081371594769589,-0.01041844740246467,0.0,0.0,1.0,0.0015,-0.0015,0.7729825948885697,0.7370316085572585
2026-01-01 00:00:00+00:00,0.4951766346992645,0.013977518339667538,0.0,0.0,0.0,0.0,0.0,0.7729825948885697,0.7473334813827822
2026-01-02 00:00:00+00:00,0.565913508379676,0.013667122921255048,1.0,0.0,0.0,0.0,0.0,0.7729825948885697,0.7575473799360102
2026-01-03 00:00:00+00:00,0.5382658627180772,0.007321078638514056,0.0,1.0,1.0,0.0015,0.005821078638514056,0.7774821873596186,0.763093443876922
2026-01-04 00:00:00+00:00,0.558035552436627,0.008943445698309516,1.0,0.0,1.0,0.0015,-0.0015,0.7763159640785792,0.7699181286549712
2026-01-05 00:00:00+00:00,0.5856885438432822,0.027009825802690735,1.0,1.0,1.0,0.0015,0.025509825802690733,0.7961196490900716,0.7907134831922756
2026-01-06 00:00:00+00:00,0.5325920673670277,-0.0016352711961346023,0.0,1.0,0.0,0.0,-0.0016352711961346023,0.7948177775592378,0.7894204522088161
2026-01-07 00:00:00+00:00,0.5528644598737601,-0.025829527204251357,1.0,0.0,1.0,0.0015,-0.0015,0.793625550892899,0.769030095162896
2026-01-08 00:00:00+00:00,0.4851051395317015,-0.003076724046541912,0.0,1.0,1.0,0.0015,-0.004576724046541912,0.7899933457501774,0.7666640017765939
2026-01-09 00:00:00+00:00,0.49896007322000335,-0.005646925984974294,0.0,0.0,1.0,0.0015,-0.0015,0.7888083557315522,0.7623347069032173
2026-01-10 00:00:00+00:00,0.4952840218242101,-0.001397069847536736,0.0,0.0,0.0,0.0,-0.0,0.7888083557315522,0.761269672070472
2026-01-11 00:00:00+00:00,0.5431303281259332,0.004876964768804504,0.0,0.0,0.0,0.0,0.0,0.7888083557315522,0.7649823574407191
2026-01-12 00:00:00+00:00,0.5657250502832925,0.004024457429802286,1.0,0.0,0.0,0.0,0.0,0.7888083557315522,0.768060996372789
2026-01-13 00:00:00+00:00,0.5614973079330535,0.04527528885126264,1.0,1.0,1.0,0.0015,0.04377528885126264,0.8233386693519904,0.8028351798389556
2026-01-14 00:00:00+00:00,0.567533018673884,0.016864423365986925,1.0,1.0,0.0,0.0,0.016864423365986925,0.8372238012455306,0.816374532204868
2026-01-15 00:00:00+00:00,0.521915350643503,-0.01421799419905967,0.0,1.0,0.0,0.0,-0.01421799419905967,0.825320158096107,0.8047673238417191
2026-01-16 00:00:00+00:00,0.4922350636198287,-0.00027284132392391136,0.0,0.0,1.0,0.0015,-0.0015,0.8240821778589629,0.8045477500596314
2026-01-17 00:00:00+00:00,0.4749609911651159,-0.004451136256293897,0.0,0.0,0.0,0.0,-0.0,0.8240821778589629,0.8009665983994213
2026-01-18 00:00:00+00:00,0.5163358188888356,-0.01541002514624834,0.0,0.0,0.0,0.0,-0.0,0.8240821778589629,0.7886236829767812
2026-01-19 00:00:00+00:00,0.5330072459708199,-0.011543146480490485,0.0,0.0,0.0,0.0,-0.0,0.8240821778589629,0.7795204842861964
2026-01-20 00:00:00+00:00,0.5793380073005004,-0.04584033237499219,1.0,0.0,0.0,0.0,-0.0,0.8240821778589629,0.7437870061934022
2026-01-21 00:00:00+00:00,0.5045091669651478,0.012071608510981546,0.0,1.0,1.0,0.0015,0.010571608510981547,0.8327940520241649,0.752765711747724
2026-01-22 00:00:00+00:00,0.5490861377112648,0.000956534957143873,0.0,0.0,1.0,0.0015,-0.0015,0.8315448609461287,0.75348575846555
2026-01-23 00:00:00+00:00,0.5417410381858674,0.00046300848627667257,0.0,0.0,0.0,0.0,0.0,0.8315448609461287,0.7538346287660082
2026-01-24 00:00:00+00:00,0.5319660935070757,-0.00439244250598092,0.0,0.0,0.0,0.0,-0.0,0.8315448609461287,0.7505234535001359
2026-01-25 00:00:00+00:00,0.5986450050736134,-0.028487203509257375,1.0,0.0,0.0,0.0,-0.0,0.8315448609461287,0.729143139141807
2026-01-26 00:00:00+00:00,0.4575553044162072,0.019578126787931138,0.0,1.0,1.0,0.0015,0.018078126787931137,0.8465776343721653,0.7434183959664754
2026-01-27 00:00:00+00:00,0.4831339504275605,0.009464787027023913,0.0,0.0,1.0,0.0015,-0.0015,0.845307767920607,0.7504546927562699
2026-01-28 00:00:00+00:00,0.4388383972221883,0.0009202877056453396,0.0,0.0,0.0,0.0,0.0,0.845307767920607,0.7511453269836573
2026-01-29 00:00:00+00:00,0.5951665156823994,-0.05183614563372574,1.0,0.0,0.0,0.0,-0.0,0.845307767920607,0.7122088484220399
2026-01-30 00:00:00+00:00,0.447383802522479,-0.005119696877728619,0.0,1.0,1.0,0.0015,-0.0066196968777286185,0.8397120867285833,0.7085625550044828
2026-01-31 00:00:00+00:00,0.6273165358380629,-0.06546567255435032,1.0,0.0,1.0,0.0015,-0.0015,0.8384525185984905,0.6621760307942856
2026-02-01 00:00:00+00:00,0.5127705299764314,-0.02094439679701987,0.0,1.0,1.0,0.0015,-0.022444396797019872,0.8196339575756053,0.6483071532558544
2026-02-02 00:00:00+00:00,0.48256481112882815,0.022271291537603544,0.0,0.0,1.0,0.0015,-0.0015,0.8184045066392419,0.6627457908719294
2026-02-03 00:00:00+00:00,0.6332712522964864,-0.03882661934945053,1.0,0.0,0.0,0.0,-0.0,0.8184045066392419,0.6370136123242944
2026-02-04 00:00:00+00:00,0.6416458070694641,-0.03455931736640505,1.0,1.0,1.0,0.0015,-0.03605931736640505,0.7888933988002413,0.614998856729259
2026-02-05 00:00:00+00:00,0.8624868245788174,-0.14129892381358544,1.0,1.0,0.0,0.0,-0.14129892381358544,0.6774236105461255,0.5281001801268294
2026-02-06 00:00:00+00:00,0.4663230702181983,0.1252476912623226,0.0,1.0,0.0,0.0,0.1252476912623226,0.7622693537736145,0.5942435084429314
2026-02-07 00:00:00+00:00,0.6250065178304528,-0.018048541205989532,1.0,0.0,1.0,0.0015,-0.0015,0.7611259497429541,0.5835182799944073
2026-02-08 00:00:00+00:00,0.46834443059284464,0.014184900201757111,0.0,1.0,1.0,0.0015,0.012684900201757112,0.7707807564564111,0.5917954285620289
2026-02-09 00:00:00+00:00,0.5088574575541286,-0.00204861414171964,0.0,0.0,1.0,0.0015,-0.0015,0.7696245853217265,0.5905830680780717
2026-02-10 00:00:00+00:00,0.47651658990236717,-0.018921927121284043,0.0,0.0,0.0,0.0,-0.0,0.7696245853217265,0.5794080983048341
2026-02-11 00:00:00+00:00,0.4907311213512555,-0.02619404614799148,0.0,0.0,0.0,0.0,-0.0,0.7696245853217265,0.5642310558393173
2026-02-12 00:00:00+00:00,0.5186485712350498,-0.011495780977477277,0.0,0.0,0.0,0.0,-0.0,0.7696245853217265,0.5577447792006978
2026-02-13 00:00:00+00:00,0.2583014885319246,0.039805596623848194,0.0,0.0,0.0,0.0,0.0,0.7696245853217265,0.579946142900618
2026-02-14 00:00:00+00:00,0.4992401499376527,0.013212456278809848,0.0,0.0,0.0,0.0,0.0,0.7696245853217265,0.5876086559577568
2026-02-15 00:00:00+00:00,0.5438522888090782,-0.014038567315427408,0.0,0.0,0.0,0.0,-0.0,0.7696245853217265,0.579359472285966
2026-02-16 00:00:00+00:00,0.5313252059177812,0.000799101589935125,0.0,0.0,0.0,0.0,0.0,0.7696245853217265,0.5798224393614136
2026-02-17 00:00:00+00:00,0.5611072788444519,-0.019594358734823403,1.0,0.0,0.0,0.0,-0.0,0.7696245853217265,0.5684611904820657
2026-02-18 00:00:00+00:00,0.5481337403992541,-0.015836888807606253,0.0,1.0,1.0,0.0015,-0.017336888807606254,0.7562816894624037,0.5594585338169618
2026-02-19 00:00:00+00:00,0.49353745504460755,0.008012052068341324,0.0,0.0,1.0,0.0015,-0.0015,0.7551472669282101,0.5639409447199811
2026-02-20 00:00:00+00:00,0.4330338891928601,0.015650197075734784,0.0,0.0,0.0,0.0,0.0,0.7551472669282101,0.5727667316439249
2026-02-21 00:00:00+00:00,0.4829746048142851,-2.435467576455963e-05,0.0,0.0,0.0,0.0,-0.0,0.7551472669282101,0.572752782095887
2026-02-22 00:00:00+00:00,0.5208950135148773,-0.005064057803784272,0.0,0.0,0.0,0.0,-0.0,0.7551472669282101,0.5698523289000752
2026-02-23 00:00:00+00:00,0.6172798713960047,-0.04497014110892317,1.0,0.0,0.0,0.0,-0.0,0.7551472669282101,0.5442259892581903
2026-02-24 00:00:00+00:00,0.48428309312898915,-0.008305824880296298,0.0,1.0,1.0,0.0015,-0.009805824880296297,0.7477424250698778,0.5397057434961058
2026-02-25 00:00:00+00:00,0.4753407087440556,0.060550552894326426,0.0,0.0,1.0,0.0015,-0.0015,0.746620811432273,0.5723852246650385
2026-02-26 00:00:00+00:00,0.45425120238999694,-0.007450715585058165,0.0,0.0,0.0,0.0,-0.0,0.746620811432273,0.5681205451509697
2026-02-27 00:00:00+00:00,0.48572574686576164,-0.023304501473983996,0.0,0.0,0.0,0.0,-0.0,0.746620811432273,0.5548807790690983
2026-02-28 00:00:00+00:00,0.4800076166354304,0.016910019957618205,0.0,0.0,0.0,0.0,0.0,0.746620811432273,0.5642638241172555
2026-03-01 00:00:00+00:00,0.4604830452917233,-0.018773664883674046,0.0,0.0,0.0,0.0,-0.0,0.746620811432273,0.5536705241772978
2026-03-02 00:00:00+00:00,0.46009447297924044,0.04620988327616793,0.0,0.0,0.0,0.0,0.0,0.746620811432273,0.5792555744729855
2026-03-03 00:00:00+00:00,0.46934833414933325,-0.007011227255569463,0.0,0.0,0.0,0.0,-0.0,0.746620811432273,0.5751942820013
2026-03-04 00:00:00+00:00,0.413730434059753,0.06467555605177866,0.0,0.0,0.0,0.0,0.0,0.746620811432273,0.6123952920275376
2026-03-05 00:00:00+00:00,0.5293067459073615,-0.025710882421896564,0.0,0.0,0.0,0.0,-0.0,0.746620811432273,0.5966500686784946
2026-03-06 00:00:00+00:00,0.5053387843082563,-0.03817885179689062,0.0,0.0,0.0,0.0,-0.0,0.746620811432273,0.5738706541318137
2026-03-07 00:00:00+00:00,0.4085933015980534,-0.01267893913767526,0.0,0.0,0.0,0.0,-0.0,0.746620811432273,0.5665945830351785
2026-03-08 00:00:00+00:00,0.5372167682244794,-0.01936617019467901,0.0,0.0,0.0,0.0,-0.0,0.746620811432273,0.555621815908736
2026-03-09 00:00:00+00:00,0.5001873546119641,0.03687448277691541,0.0,0.0,0.0,0.0,0.0,0.746620811432273,0.5761100829899412
2026-03-10 00:00:00+00:00,0.6052960130447885,0.022287806357257578,1.0,0.0,0.0,0.0,0.0,0.746620811432273,0.5889503129600846
2026-03-11 00:00:00+00:00,0.5510159884559119,0.003975020350486469,1.0,1.0,1.0,0.0015,0.002475020350486469,0.7484687131346646,0.5912914024395263
2026-03-12 00:00:00+00:00,0.6297683118019897,0.004110513591636167,1.0,1.0,0.0,0.0,0.004110513591636167,0.7515453039529191,0.5937219137858716
2026-03-13 00:00:00+00:00,0.6062694643698024,0.006735442992662266,1.0,1.0,0.0,0.0,0.006735442992662266,0.756607294504097,0.5977208938896706
2026-03-14 00:00:00+00:00,0.5224852280302564,0.0034714019404360474,0.0,1.0,0.0,0.0,0.0034714019404360474,0.7592337825343867,0.5997958233605584
2026-03-15 00:00:00+00:00,0.5384029920233694,0.022120302711697182,0.0,0.0,1.0,0.0015,-0.0015,0.7580949318605852,0.6130634885385056
2026-03-16 00:00:00+00:00,0.493196330876008,0.028454105238008953,0.0,0.0,0.0,0.0,0.0,0.7580949318605852,0.6305076615589611
2026-03-17 00:00:00+00:00,0.5614116554174253,-0.01253801442025071,1.0,0.0,0.0,0.0,-0.0,0.7580949318605852,0.6226023474062563
2026-03-18 00:00:00+00:00,0.6296345905934159,-0.0362122396594321,1.0,1.0,1.0,0.0015,-0.0377122396594321,0.729505474105658,0.6000565219894559
2026-03-19 00:00:00+00:00,0.5690639992355015,-0.01870697238447039,1.0,1.0,0.0,0.0,-0.01870697238447039,0.7158586353472435,0.5888312812034778
2026-03-20 00:00:00+00:00,0.5237905268844025,0.008722250723753211,0.0,1.0,0.0,0.0,0.008722250723753211,0.722102533847506,0.5939672152721234
2026-03-21 00:00:00+00:00,0.60640940795928,-0.025680602546325204,1.0,0.0,1.0,0.0015,-0.0015,0.7210193800467348,0.5787137792911724
2026-03-22 00:00:00+00:00,0.5909784348467435,-0.012607965253281006,1.0,1.0,1.0,0.0015,-0.014107965253281006,0.7108472636860933,0.5714173760702743
2026-03-23 00:00:00+00:00,0.562671675065457,0.04524488014825101,1.0,1.0,0.0,0.0,0.04524488014825101,0.7430094629352828,0.5972710867652019
2026-03-24 00:00:00+00:00,0.6076220653106256,-0.005598262529164066,1.0,1.0,0.0,0.0,-0.005598262529164066,0.7388499009001179,0.5939274064204112
2026-03-25 00:00:00+00:00,0.5735001458044252,0.011231529778693128,1.0,1.0,0.0,0.0,0.011231529778693128,0.747148315564062,0.6005981197720041
2026-03-26 00:00:00+00:00,0.6260529156291241,-0.03531428903229905,1.0,1.0,0.0,0.0,-0.03531428903229905,0.7207633039982374,0.5793884241781202
2026-03-27 00:00:00+00:00,0.5404825060690412,-0.035662044616623034,0.0,1.0,0.0,0.0,-0.035662044616623034,0.6950594108930276,0.5587262483447252
2026-03-28 00:00:00+00:00,0.5047379555001709,-0.0002815819275042708,0.0,0.0,1.0,0.0015,-0.0015,0.6940168217766881,0.5585689211307691
2026-03-29 00:00:00+00:00,0.5268635856355842,-0.005500227885263609,0.0,0.0,0.0,0.0,-0.0,0.6940168217766881,0.555496664774924
2026-03-30 00:00:00+00:00,0.507227358678857,0.011167073154841889,0.0,0.0,0.0,0.0,0.0,0.6940168217766881,0.5616999366677362
2026-03-31 00:00:00+00:00,0.5822141635326761,0.02311941479563351,1.0,0.0,0.0,0.0,0.0,0.6940168217766881,0.5746861104942387
2026-04-01 00:00:00+00:00,0.5679932175521966,-0.002268068291422898,1.0,1.0,1.0,0.0015,-0.003768068291422898,0.6914017189968373,0.5733826831495056
2026-04-02 00:00:00+00:00,0.6349150615213451,-0.017479577533077273,1.0,1.0,0.0,0.0,-0.017479577533077273,0.6793163090431292,0.5633601960832699
2026-04-03 00:00:00+00:00,0.5328336818241133,0.0006358522809097877,0.0,1.0,0.0,0.0,0.0006358522809097877,0.6797482538676936,0.5637184099489233
2026-04-04 00:00:00+00:00,0.41738314137351124,0.005369911059425414,0.0,0.0,1.0,0.0015,-0.0015,0.678728631486892,0.5667455276729098
2026-04-05 00:00:00+00:00,0.45325286288712513,0.02513553056906015,0.0,0.0,0.0,0.0,0.0,0.678728631486892,0.5809909772086103
2026-04-06 00:00:00+00:00,0.4797425291855169,-0.0017695992030517527,0.0,0.0,0.0,0.0,-0.0,0.678728631486892,0.5799628560383616
2026-04-07 00:00:00+00:00,0.4848400581316103,0.04474125312086663,0.0,0.0,0.0,0.0,0.0,0.678728631486892,0.6059111209810747
2026-04-08 00:00:00+00:00,0.528606568995744,-0.011361353371537541,0.0,0.0,0.0,0.0,-0.0,0.678728631486892,0.5990271506238642
2026-04-09 00:00:00+00:00,0.5055036680854734,0.009061281070850802,0.0,0.0,0.0,0.0,0.0,0.678728631486892,0.604455104004738
2026-04-10 00:00:00+00:00,0.47360250817553096,0.016876904061948084,0.0,0.0,0.0,0.0,0.0,0.678728631486892,0.6146564348047808
2026-04-11 00:00:00+00:00,0.44891924464859206,0.0010307967248304184,0.0,0.0,0.0,0.0,0.0,0.678728631486892,0.6152900206446735
2026-04-12 00:00:00+00:00,0.514227647314399,-0.031495312720733026,0.0,0.0,0.0,0.0,-0.0,0.678728631486892,0.5959112690305233
2026-04-13 00:00:00+00:00,0.4589359756161231,0.05273575609654846,0.0,0.0,0.0,0.0,0.0,0.678728631486892,0.6273371003693016
2026-04-14 00:00:00+00:00,0.44654930743814963,-0.004068372317531099,0.0,0.0,0.0,0.0,-0.0,0.678728631486892,0.6247848594763988
2026-04-15 00:00:00+00:00,0.4917380858167719,0.008404626904874313,0.0,0.0,0.0,0.0,0.0,0.678728631486892,0.6300359431161123
2026-04-16 00:00:00+00:00,0.49565879906195476,0.004639453579876829,0.0,0.0,0.0,0.0,0.0,0.678728631486892,0.6329589656278535
2026-04-17 00:00:00+00:00,0.43945443348588076,0.02627659540184779,0.0,0.0,0.0,0.0,0.0,0.678728631486892,0.6495909722736287
2026-04-18 00:00:00+00:00,0.50728237420822,-0.01816051878803593,0.0,0.0,0.0,0.0,-0.0,0.678728631486892,0.637794063217115
2026-04-19 00:00:00+00:00,0.5391763641552021,-0.024692366775663332,0.0,0.0,0.0,0.0,-0.0,0.678728631486892,0.6220454182808174
2026-04-20 00:00:00+00:00,0.3943219274825478,0.027298557704868998,0.0,0.0,0.0,0.0,0.0,0.678728631486892,0.6390263610268057
2026-04-21 00:00:00+00:00,0.48701081656356854,0.0063296958930805225,0.0,0.0,0.0,0.0,0.0,0.678728631486892,0.6430712035597672
2026-04-22 00:00:00+00:00,0.4692369567048291,0.024233934691509473,0.0,0.0,0.0,0.0,0.0,0.678728631486892,0.6586553491088251
2026-04-23 00:00:00+00:00,0.4901460214686029,0.0008420581944230676,0.0,0.0,0.0,0.0,0.0,0.678728631486892,0.6592099752428427
2026-04-24 00:00:00+00:00,0.46291047233470345,-0.010395445352393673,0.0,0.0,0.0,0.0,-0.0,0.678728631486892,0.652357193969453
2026-04-25 00:00:00+00:00,0.49100137143179484,0.0020231423764509593,0.0,0.0,0.0,0.0,0.0,0.678728631486892,0.6536770054531552
2026-04-26 00:00:00+00:00,0.4984040048223089,0.013471154293320797,0.0,0.0,0.0,0.0,0.0,0.678728631486892,0.6624827892516105
2026-04-27 00:00:00+00:00,0.5128230457492904,-0.01641182876919478,0.0,0.0,0.0,0.0,-0.0,0.678728631486892,0.6516102351518746
2026-04-28 00:00:00+00:00,0.5096893608482159,-0.013131671764148978,0.0,0.0,0.0,0.0,-0.0,0.678728631486892,0.6430535034257002
2026-04-29 00:00:00+00:00,0.5113804789483262,-0.007525003361340765,0.0,0.0,0.0,0.0,-0.0,0.678728631486892,0.6382145236508999
2026-04-30 00:00:00+00:00,0.49749710580104406,0.00697036758667724,0.0,0.0,0.0,0.0,0.0,0.678728631486892,0.6426631134799028
2026-05-01 00:00:00+00:00,0.5290697120611862,0.024568460603834108,0.0,0.0,0.0,0.0,0.0,0.678728631486892,0.6584523568649712
2026-05-02 00:00:00+00:00,0.5253981483978292,0.006117371672699878,0.0,0.0,0.0,0.0,0.0,0.678728631486892,0.6624803546606794
2026-05-03 00:00:00+00:00,0.5372541637649935,-0.00151319093281288,0.0,0.0,0.0,0.0,-0.0,0.678728631486892,0.6614778953948403
2026-05-04 00:00:00+00:00,0.5415729097998478,0.016421044171065935,0.0,0.0,0.0,0.0,0.0,0.678728631486892,0.6723400531333027
2026-05-05 00:00:00+00:00,0.4859221074046587,0.013768974900303155,0.0,0.0,0.0,0.0,0.0,0.678728631486892,0.6815974864493636
2026-05-06 00:00:00+00:00,0.4921572475617332,0.006184292316489204,0.0,0.0,0.0,0.0,0.0,0.678728631486892,0.6858126845477507
2026-05-07 00:00:00+00:00,0.5013916851637152,-0.017408596831308243,0.0,0.0,0.0,0.0,-0.0,0.678728631486892,0.6738736480206617
2026-05-08 00:00:00+00:00,0.46103797160752497,0.0022093920105095144,0.0,0.0,0.0,0.0,0.0,0.678728631486892,0.6753624990746915
2026-05-09 00:00:00+00:00,0.49509509609300256,0.0059561145630133705,0.0,0.0,0.0,0.0,0.0,0.678728631486892,0.6793850354907434
2026-05-10 00:00:00+00:00,0.5369697302182298,0.01828022150812214,0.0,0.0,0.0,0.0,0.0,0.678728631486892,0.6918043444288176
2026-05-11 00:00:00+00:00,0.5460960770099158,-0.004999247178679611,0.0,0.0,0.0,0.0,-0.0,0.678728631486892,0.6883458435117334
2026-05-12 00:00:00+00:00,0.5451775653778688,-0.015304426194186482,0.0,0.0,0.0,0.0,-0.0,0.678728631486892,0.6778111053536331
2026-05-13 00:00:00+00:00,0.5508795086708769,-0.014915661104390687,1.0,0.0,0.0,0.0,-0.0,0.678728631486892,0.6677011046133858
2026-05-14 00:00:00+00:00,0.5259095029351875,0.022378876470797504,0.0,1.0,1.0,0.0015,0.020878876470797503,0.6928997227409002,0.6826435051529438
2026-05-15 00:00:00+00:00,0.5496251002953633,-0.024497713637975926,0.0,0.0,1.0,0.0015,-0.0015,0.6918603731567888,0.6659203000468829
2026-05-16 00:00:00+00:00,0.5111820093109644,-0.0118160267665125,0.0,0.0,0.0,0.0,-0.0,0.6918603731567888,0.6580517679571648
2026-05-17 00:00:00+00:00,0.5199574654635898,-0.008985959556932488,0.0,0.0,0.0,0.0,-0.0,0.6918603731567888,0.6521385413839338
2026-05-18 00:00:00+00:00,0.5323840461028405,-0.006136945201154598,0.0,0.0,0.0,0.0,-0.0,0.6918603731567888,0.6481364028918997
2026-05-19 00:00:00+00:00,0.523290593118625,-0.002641385386229267,0.0,0.0,0.0,0.0,-0.0,0.6918603731567888,0.6464244248690177
2026-05-20 00:00:00+00:00,0.5159789642325271,0.009209887179670861,0.0,0.0,0.0,0.0,0.0,0.6918603731567888,0.652377920892245
2026-05-21 00:00:00+00:00,0.49705001807498156,0.0010508749979196708,0.0,0.0,0.0,0.0,0.0,0.6918603731567888,0.6530634885385055
2026-05-22 00:00:00+00:00,0.5709489833602653,-0.02645023976792371,1.0,0.0,0.0,0.0,-0.0,0.6918603731567888,0.6357898026829853
2026-05-23 00:00:00+00:00,0.49892699770954446,0.015699464786268935,0.0,1.0,1.0,0.0015,0.014199464786268936,0.7016844201624435,0.6457713623016758
2026-05-24 00:00:00+00:00,0.4840945979156506,0.004013881531345742,0.0,0.0,1.0,0.0015,-0.0015,0.7006318935321999,0.6483634120462904
2026-05-25 00:00:00+00:00,0.4869628695159877,0.0038815318365379436,0.0,0.0,0.0,0.0,0.0,0.7006318935321999,0.6508800552717945
2026-05-26 00:00:00+00:00,0.5449268983453112,-0.01881724424932052,0.0,0.0,0.0,0.0,-0.0,0.7006318935321999,0.6386322862947339
2026-05-27 00:00:00+00:00,0.4927088317044597,-0.019532039646005694,0.0,0.0,0.0,0.0,-0.0,0.7006318935321999,0.6261584951596059
2026-05-28 00:00:00+00:00,0.495959368506114,-0.010870289388891785,0.0,0.0,0.0,0.0,-0.0,0.7006318935321999,0.6193519711139079
2026-05-29 00:00:00+00:00,0.5231749779603884,-0.00223060831034394,0.0,0.0,0.0,0.0,-0.0,0.7006318935321999,0.6179704394601133
2026-05-30 00:00:00+00:00,0.4906989520214571,0.0052105676905831455,0.0,0.0,0.0,0.0,0.0,0.7006318935321999,0.6211904162656997
2026-05-31 00:00:00+00:00,0.5405812546359468,-0.002374738351372918,0.0,0.0,0.0,0.0,-0.0,0.7006318935321999,0.6197152515606883
2026-06-01 00:00:00+00:00,0.6191224089003738,-0.030713830668280595,1.0,0.0,0.0,0.0,-0.0,0.7006318935321999,0.6006814222617024
2026-06-02 00:00:00+00:00,0.6450038330697647,-0.06472422674681189,1.0,1.0,1.0,0.0015,-0.06622422674681189,0.6542330881488754,0.5618027816846385
2026-06-03 00:00:00+00:00,0.548964939841221,-0.04031696632071802,0.0,1.0,0.0,0.0,-0.04031696632071802,0.6278563947680779,0.5391525978565732
2026-06-04 00:00:00+00:00,0.5047409002306796,-0.0033241439086123536,0.0,0.0,1.0,0.0015,-0.0015,0.6269146101759258,0.5373603770325958
2026-06-05 00:00:00+00:00,0.6301473804847709,-0.04512280904119048,1.0,0.0,0.0,0.0,-0.0,0.6269146101759258,0.5131131673534518
2026-06-06 00:00:00+00:00,0.5688767679940828,-0.0009069515189049637,1.0,1.0,1.0,0.0015,-0.0024069515189049638,0.6254056571027391,0.5126477985869504
2026-06-07 00:00:00+00:00,0.568729556355981,0.03897168140434348,1.0,1.0,0.0,0.0,0.03897168140434348,0.6497787671198212,0.5326265452661191
2026-06-08 00:00:00+00:00,0.5743137803499521,-0.0023550097882448773,1.0,1.0,0.0,0.0,-0.0023550097882448773,0.6482485317630603,0.5313722045385383
2026-06-09 00:00:00+00:00,0.6135549725503023,-0.022932240724538477,1.0,1.0,0.0,0.0,-0.022932240724538477,0.6333827403833412,0.5191866492297318
2026-06-10 00:00:00+00:00,0.49628540078910266,-0.0031550982687325035,0.0,1.0,0.0,0.0,-0.0031550982687325035,0.6313843555957127,0.517548564331598
2026-06-11 00:00:00+00:00,0.3832625032737232,0.0343659895373587,0.0,0.0,1.0,0.0015,-0.0015,0.6304372790623192,0.5353346328784927
2026-06-12 00:00:00+00:00,0.4536327247275129,-0.000280918383714468,0.0,0.0,0.0,0.0,-0.0,0.6304372790623192,0.5351842475386781
2026-06-13 00:00:00+00:00,0.392832199556724,0.013819338824553329,0.0,0.0,0.0,0.0,0.0,0.6304372790623192,0.5425801399889787
2026-06-14 00:00:00+00:00,0.4043297050738087,0.020010054657876974,0.0,0.0,0.0,0.0,0.0,0.6304372790623192,0.5534371982464367
2026-06-15 00:00:00+00:00,0.46424063661119336,0.00881293640382963,0.0,0.0,0.0,0.0,0.0,0.6304372790623192,0.5583146050780962
2026-06-16 00:00:00+00:00,0.5015759212810844,-0.010391681563445165,0.0,0.0,0.0,0.0,-0.0,0.6304372790623192,0.5525127774899039
2026-06-17 00:00:00+00:00,0.5052627690696991,-0.01802109402037566,0.0,0.0,0.0,0.0,-0.0,0.6304372790623192,0.5425558927792995
2026-06-18 00:00:00+00:00,0.4805505754346472,-0.0236263487711752,0.0,0.0,0.0,0.0,-0.0,0.6304372790623192,0.5297372780286395
2026-06-19 00:00:00+00:00,0.46909035996528203,0.010244823819797633,0.0,0.0,0.0,0.0,0.0,0.6304372790623192,0.535164343112822
2026-06-20 00:00:00+00:00,0.46922543807206457,0.01099827903487749,0.0,0.0,0.0,0.0,0.0,0.6304372790623192,0.5410502298878938
2026-06-21 00:00:00+00:00,0.5261264484806198,-0.015599965388407244,0.0,0.0,0.0,0.0,-0.0,0.6304372790623192,0.5326098650282528
2026-06-22 00:00:00+00:00,0.5456739649384434,0.01129971875635083,0.0,0.0,0.0,0.0,0.0,0.6304372790623192,0.5386282067099301
2026-06-23 00:00:00+00:00,0.5614684520824115,-0.02007886883610832,1.0,0.0,0.0,0.0,-0.0,0.6304372790623192,0.5278131615959731
2026-06-24 00:00:00+00:00,0.5534669274345155,-0.026694424544815853,1.0,1.0,1.0,0.0015,-0.028194424544815855,0.6126624627675576,0.5137234929799888
2026-06-25 00:00:00+00:00,0.5174208018751784,-0.02087801063020267,0.0,1.0,0.0,0.0,-0.02087801063020267,0.5998712893571704,0.5029979684325677
2026-06-26 00:00:00+00:00,0.42298956983180863,0.004935459402204856,0.0,0.0,1.0,0.0015,-0.0015,0.5989714824231347,0.5054804944851582
2026-06-27 00:00:00+00:00,0.43727217876514674,-0.0012718522519159503,0.0,0.0,0.0,0.0,-0.0,0.5989714824231347,0.5048375979799476
2026-06-28 00:00:00+00:00,0.5076995590001177,-0.006802755224698642,0.0,0.0,0.0,0.0,-0.0,0.5989714824231347,0.5014033113726653
2026-06-29 00:00:00+00:00,0.47641542408202336,0.010179997360940662,0.0,0.0,0.0,0.0,0.0,0.5989714824231347,0.5065075957592059
2026-06-30 00:00:00+00:00,0.5258872326003692,-0.026264750729518727,0.0,0.0,0.0,0.0,-0.0,0.5989714824231347,0.4932043000139825
