ts,session,venue,order_id,client_id,sleeve,instrument,side,qty,order_type,time_in_force,limit_price,reference_price,notional,reason,status,reject_reason,fill_price,fee
2026-12-10 02:00:00-05:00,overnight,alpaca,alpaca-1,20261210T020000-btc,btc,BTC-USD,sell,0.00025,limit,gtc,114313.99384,114543.08,28.57849846,above band: 8.78% vs 5.25%-8.75%,filled,,114508.717076,0.07156794817249999
2026-12-10 02:30:00-05:00,overnight,alpaca,alpaca-2,20261210T023000-btc,btc,BTC-USD,sell,0.000418,limit,gtc,115245.81646,115476.77,48.17275128028,above band: 8.80% vs 5.25%-8.75%,filled,,115442.126969,0.12063702268260501
2026-12-10 03:00:00-05:00,overnight,alpaca,alpaca-3,20261210T030000-btc,btc,BTC-USD,sell,0.000421,limit,gtc,116029.68558,116262.21,48.84849762918,above band: 8.80% vs 5.25%-8.75%,filled,,116227.33133700001,0.12232926623219252
2026-12-10 03:30:00-05:00,overnight,alpaca,alpaca-4,20261210T033000-btc,btc,BTC-USD,sell,0.000543,limit,gtc,116891.32884,117125.58,63.471991560119996,above band: 8.82% vs 5.25%-8.75%,filled,,117090.442326,0.158950275457545
2026-12-10 05:30:00-05:00,pre,alpaca,alpaca-5,20261210T053000-btc,btc,BTC-USD,sell,0.00028,limit,gtc,117563.56168,117799.16,32.917797270399994,above band: 8.78% vs 5.25%-8.75%,filled,,117763.820252,0.0824346741764
2026-12-10 06:00:00-05:00,pre,alpaca,alpaca-6,20261210T060000-btc,btc,BTC-USD,sell,0.000391,limit,gtc,118331.79214,118568.93,46.267730726740005,above band: 8.80% vs 5.25%-8.75%,filled,,118533.359321,0.11586635873627751
2026-12-10 07:30:00-05:00,pre,alpaca,alpaca-7,20261210T073000-btc,btc,BTC-USD,sell,0.000212,limit,gtc,118519.16664,118756.68,25.12606332768,above band: 8.78% vs 5.25%-8.75%,filled,,118721.052996,0.06292215808788
2026-12-10 08:00:00-05:00,pre,alpaca,alpaca-8,20261210T080000-btc,btc,BTC-USD,sell,0.000303,limit,gtc,119243.64478,119482.61,36.13082436834,above band: 8.79% vs 5.25%-8.75%,filled,,119446.76521700001,0.0904809246518775
2026-12-10 08:30:00-05:00,pre,alpaca,alpaca-9,20261210T083000-btc,btc,BTC-USD,sell,0.000324,limit,gtc,119586.15838,119825.81,38.74591531512,above band: 8.79% vs 5.25%-8.75%,filled,,119789.862257,0.09702978842817
2026-12-10 09:30:00-05:00,regular,alpaca,alpaca-10,20261210T093000-btc,btc,BTC-USD,sell,0.000439,limit,gtc,120622.4716,120864.2,52.9532650324,above band: 8.80% vs 5.25%-8.75%,filled,,120827.94074,0.13260866496215
2026-12-11 01:30:00-05:00,overnight,alpaca,alpaca-11,20261211T013000-btc,btc,BTC-USD,sell,0.000245,limit,gtc,121260.4431,121503.45,29.7088085595,above band: 8.78% vs 5.25%-8.75%,filled,,121466.998965,0.0743985368660625
2026-12-14 22:30:00-05:00,overnight,alpaca,alpaca-12,20261214T223000-eth,eth,ETH-USD,sell,0.00599,limit,gtc,4411.16998,4420.01,26.422908180199997,above band: 4.03% vs 2.00%-4.00%,filled,,4418.683997,0.066169792855075
